node_id,type,name,symbol,price,market_cap,volume,category
ex::Binance,exchange,Binance,,,,,
ex::Coinbase,exchange,Coinbase,,,,,
ex::Kraken,exchange,Kraken,,,,,
ex::KuCoin,exchange,KuCoin,,,,,
ex::Gate,exchange,Gate,,,,,
ex::Bitfinex,exchange,Bitfinex,,,,,
ex::OKX,exchange,OKX,,,,,
w::MetaMask,wallet,MetaMask,,,,,
w::TrustWallet,wallet,TrustWallet,,,,,
w::Ledger,wallet,Ledger,,,,,
w::Trezor,wallet,Trezor,,,,,
comm::Twitter,community,Twitter,,,,,
comm::Discord,community,Discord,,,,,
comm::Reddit,community,Reddit,,,,,
comm::Telegram,community,Telegram,,,,,
proj::bitcoin,project,Bitcoin,btc,114019.0,2271398427196.0,55121672821.0,Other
proj::ethereum,project,Ethereum,eth,4184.89,505068687502.0,33189485726.0,Other
proj::tether,project,Tether,usdt,1.0,174458056503.0,105206461368.0,Other
proj::ripple,project,XRP,xrp,2.9,173567780582.0,4625850380.0,Other
proj::binancecoin,project,BNB,bnb,1015.08,141593681877.0,1942293935.0,Other
proj::solana,project,Solana,sol,211.99,115358677867.0,6560462706.0,Other
proj::usd-coin,project,USDC,usdc,0.99962,73431062148.0,13867003703.0,Other
proj::staked-ether,project,Lido Staked Ether,steth,4183.7,35702152534.0,30095459.0,Other
proj::dogecoin,project,Dogecoin,doge,0.235693,35697950987.0,2353414459.0,Meme
proj::tron,project,TRON,trx,0.335347,31753206840.0,502611750.0,Other
proj::cardano,project,Cardano,ada,0.808078,29591410904.0,1291320663.0,Other
proj::wrapped-steth,project,Wrapped stETH,wsteth,5081.94,16424679605.0,11764107.0,Other
proj::wrapped-beacon-eth,project,Wrapped Beacon ETH,wbeth,4515.67,14737300101.0,9968437.0,Other
proj::chainlink,project,Chainlink,link,21.57,14644188854.0,644636714.0,AI
proj::wrapped-bitcoin,project,Wrapped Bitcoin,wbtc,113845.0,14441232583.0,269327396.0,Other
proj::ethena-usde,project,Ethena USDe,usde,1.001,14436525549.0,916311833.0,Other
proj::figure-heloc,project,Figure Heloc,figr_heloc,1.06,13495526877.0,44573743.0,Other
proj::hyperliquid,project,Hyperliquid,hype,47.32,12823669881.0,702768018.0,Other
proj::avalanche-2,project,Avalanche,avax,30.25,12762069258.0,1316649819.0,Other
proj::stellar,project,Stellar,xlm,0.374214,11955678009.0,195151688.0,Other
proj::sui,project,Sui,sui,3.3,11799919437.0,990609329.0,Other
proj::bitcoin-cash,project,Bitcoin Cash,bch,559.95,11169499614.0,296387321.0,Other
proj::wrapped-eeth,project,Wrapped eETH,weeth,4504.41,11069252361.0,7189573.0,Other
proj::weth,project,WETH,weth,4184.04,10520926421.0,321845508.0,Other
proj::hedera-hashgraph,project,Hedera,hbar,0.218391,9266338053.0,181981602.0,Other
proj::leo-token,project,LEO Token,leo,9.61,8868016843.0,515580.0,RWA
proj::litecoin,project,Litecoin,ltc,106.41,8126263802.0,463162360.0,Other
proj::binance-bridged-usdt-bnb-smart-chain,project,Binance Bridged USDT (BNB Smart Chain),bsc-usd,0.999385,7981408471.0,2982370514.0,AI
proj::usds,project,USDS,usds,0.999666,7780966669.0,9442246.0,Other
proj::usdt0,project,USDT0,usdt0,1.0,7718395420.0,386351734.0,Other
proj::coinbase-wrapped-btc,project,Coinbase Wrapped BTC,cbbtc,113902.0,7077212157.0,340301541.0,Other
proj::shiba-inu,project,Shiba Inu,shib,1.196e-05,7052722376.0,157935881.0,Meme
proj::the-open-network,project,Toncoin,ton,2.71,6933422853.0,104235318.0,Other
proj::crypto-com-chain,project,Cronos,cro,0.196873,6873058392.0,56175424.0,Other
proj::mantle,project,Mantle,mnt,1.9,6198233320.0,372855755.0,Other
proj::polkadot,project,Polkadot,dot,3.98,6060586972.0,265085036.0,Other
proj::whitebit,project,WhiteBIT Coin,wbt,41.93,6057870451.0,38905901.0,Other
proj::ethena-staked-usde,project,Ethena Staked USDe,susde,1.2,5997080022.0,139843661.0,Other
proj::world-liberty-financial,project,World Liberty Financial,wlfi,0.211845,5771828032.0,401571889.0,Other
proj::monero,project,Monero,xmr,287.74,5308391794.0,98912873.0,Other
proj::uniswap,project,Uniswap,uni,7.78,4678412004.0,203740131.0,Other
proj::dai,project,Dai,dai,0.999176,4563301032.0,129724461.0,AI
proj::aave,project,Aave,aave,277.11,4226843104.0,365012782.0,Other
proj::okb,project,OKB,okb,191.53,4025167520.0,71868366.0,Other
proj::ethena,project,Ethena,ena,0.577026,3992382379.0,304262561.0,Other
proj::pepe,project,Pepe,pepe,9.38e-06,3951177514.0,356056728.0,Meme
proj::bitget-token,project,Bitget Token,bgb,5.26,3682677051.0,186717785.0,RWA
proj::memecore,project,MemeCore,m,2.18,3672362180.0,23358617.0,Meme
proj::near,project,NEAR Protocol,near,2.81,3507582801.0,203055420.0,Other
proj::jito-staked-sol,project,Jito Staked SOL,jitosol,262.37,3218893655.0,9234137.0,Other
proj::aster-2,project,Aster,aster,1.91,3184263608.0,1040628017.0,Other
proj::aptos,project,Aptos,apt,4.29,3020456455.0,465408704.0,Other
proj::bittensor,project,Bittensor,tao,306.88,2951962241.0,82249370.0,AI
proj::myx-finance,project,MYX Finance,myx,15.44,2948604591.0,233457148.0,Other
proj::story-2,project,Story,ip,9.1,2867889246.0,246603675.0,Other
proj::ethereum-classic,project,Ethereum Classic,etc,18.59,2861360194.0,52728752.0,Other
proj::ondo-finance,project,Ondo,ondo,0.897251,2838717561.0,153395854.0,Other
proj::worldcoin-wld,project,Worldcoin,wld,1.31,2749336208.0,188713341.0,Other
proj::binance-staked-sol,project,Binance Staked SOL,bnsol,227.54,2689804280.0,15627112.0,Other
proj::usd1-wlfi,project,USD1,usd1,0.999836,2686806621.0,594998344.0,Other
proj::binance-peg-weth,project,Binance-Peg WETH,weth,4188.49,2534853659.0,84561856.0,Other
proj::polygon-ecosystem-token,project,POL (ex-MATIC),pol,0.228392,2408981422.0,67712683.0,Other
proj::paypal-usd,project,PayPal USD,pyusd,0.99864,2369183234.0,153161664.0,Other
proj::plasma,project,Plasma,xpl,1.31,2366884648.0,2209865429.0,Other
proj::internet-computer,project,Internet Computer,icp,4.27,2298724505.0,48392615.0,Other
proj::arbitrum,project,Arbitrum,arb,0.421736,2292033598.0,157119664.0,Other
proj::jupiter-perpetuals-liquidity-provider-token,project,Jupiter Perpetuals Liquidity Provider Token,jlp,5.62,2223003138.0,39019138.0,RWA
proj::pi-network,project,Pi Network,pi,0.268534,2216960345.0,30475079.0,Other
proj::blackrock-usd-institutional-digital-liquidity-fund,project,BlackRock USD Institutional Digital Liquidity Fund,buidl,1.0,2143169819.0,0.0,Other
proj::kaspa,project,Kaspa,kas,0.077986,2095224632.0,38935718.0,Other
proj::susds,project,sUSDS,susds,1.069,2069112461.0,8702932.0,Other
proj::pump-fun,project,Pump.fun,pump,0.00574757,2040982408.0,666978956.0,Other
proj::falcon-finance,project,Falcon USD,usdf,0.99358,1995060494.0,55557002.0,Other
proj::gatechain-token,project,Gate,gt,16.55,1976724740.0,11387136.0,Other
proj::kucoin-shares,project,KuCoin,kcs,15.26,1942882733.0,5102624.0,Other
proj::cosmos,project,Cosmos Hub,atom,4.12,1940539789.0,83640905.0,Other
proj::vechain,project,VeChain,vet,0.02223075,1916303964.0,31498104.0,AI
proj::flare-networks,project,Flare,flr,0.02583682,1912765624.0,10754067.0,Other
proj::kelp-dao-restaked-eth,project,Kelp DAO Restaked ETH,rseth,4411.23,1909657713.0,5728654.0,Other
proj::rocket-pool-eth,project,Rocket Pool ETH,reth,4782.87,1879548381.0,2697488.0,Other
proj::kinetic-staked-hype,project,Kinetiq Staked HYPE,khype,47.34,1878308945.0,46882779.0,Other
proj::algorand,project,Algorand,algo,0.208592,1834409622.0,86227636.0,Other
proj::usdtb,project,USDtb,usdtb,0.999516,1830071430.0,1900470.0,Other
proj::pudgy-penguins,project,Pudgy Penguins,pengu,0.02860725,1803174079.0,256953918.0,Other
proj::render-token,project,Render,render,3.44,1788925774.0,58697369.0,Other
proj::sei-network,project,Sei,sei,0.282779,1735764505.0,93212804.0,Other
proj::hash-2,project,Provenance Blockchain,hash,0.03480273,1732814694.0,47294.0,AI
proj::bfusd,project,BFUSD,bfusd,0.999247,1699057063.0,9141211.0,Other
proj::sky,project,Sky,sky,0.067701,1588810825.0,25747013.0,Other
proj::stakewise-v3-oseth,project,StakeWise Staked ETH,oseth,4411.8,1585656358.0,396207.0,Other
proj::quant-network,project,Quant,qnt,105.39,1535793111.0,32884758.0,Other
proj::official-trump,project,Official Trump,trump,7.63,1527877956.0,155026710.0,Other
proj::filecoin,project,Filecoin,fil,2.2,1525730614.0,113475800.0,Other
proj::immutable-x,project,Immutable,imx,0.777957,1509946140.0,46593864.0,Gaming
proj::fetch-ai,project,Artificial Superintelligence Alliance,fet,0.578673,1508785440.0,69485392.0,AI
proj::bonk,project,Bonk,bonk,1.945e-05,1508564415.0,210930754.0,Other
proj::liquid-staked-ethereum,project,Liquid Staked ETH,lseth,4519.93,1506377627.0,441255.0,Other
proj::tether-gold,project,Tether Gold,xaut,3838.49,1441699609.0,223171514.0,Other
proj::jupiter-exchange-solana,project,Jupiter,jup,0.449064,1426953677.0,35037069.0,Other
proj::renzo-restaked-eth,project,Renzo Restaked ETH,ezeth,4434.04,1348434307.0,966876.0,Other
proj::xdce-crowd-sale,project,XDC Network,xdc,0.072574,1288151726.0,39021303.0,Other
proj::lombard-staked-btc,project,Lombard Staked BTC,lbtc,113951.0,1275816273.0,6012488.0,Other
proj::wbnb,project,Wrapped BNB,wbnb,1016.47,1262851515.0,765321096.0,Other
proj::nexo,project,NEXO,nexo,1.25,1253414126.0,11518467.0,Other
proj::optimism,project,Optimism,op,0.678912,1211170396.0,114462971.0,Other
proj::injective-protocol,project,Injective,inj,12.1,1184930356.0,82086571.0,Other
proj::jupiter-staked-sol,project,Jupiter Staked SOL,jupsol,241.41,1159776194.0,37280884.0,Other
proj::syrupusdc,project,syrupUSDC,syrupusdc,1.13,1139057659.0,30141411.0,Other
proj::celestia,project,Celestia,tia,1.42,1135800642.0,63343313.0,Other
proj::solv-btc,project,Solv Protocol BTC,solvbtc,113638.0,1131214536.0,827455.0,Other
proj::pax-gold,project,PAX Gold,paxg,3835.31,1123952465.0,147144627.0,Other
proj::zcash,project,Zcash,zec,68.57,1121194260.0,208401595.0,Other
proj::mantle-staked-ether,project,Mantle Staked Ether,meth,4496.63,1077227170.0,1543255.0,Other
proj::first-digital-usd,project,First Digital USD,fdusd,0.999258,1065758611.0,5749064021.0,Other
proj::blockstack,project,Stacks,stx,0.590845,1063410362.0,21055743.0,Other
proj::binance-bridged-usdc-bnb-smart-chain,project,Binance Bridged USDC (BNB Smart Chain),usdc,0.999049,1048245312.0,474438887.0,AI
proj::lido-dao,project,Lido DAO,ldo,1.13,1011020654.0,67149490.0,Other
proj::curve-dao-token,project,Curve DAO,crv,0.692768,977064653.0,221017584.0,Other
proj::aerodrome-finance,project,Aerodrome Finance,aero,1.074,966828116.0,62518402.0,Other
proj::spx6900,project,SPX6900,spx,1.036,965315994.0,26870631.0,Other
proj::msol,project,Marinade Staked SOL,msol,281.07,954313835.0,10341499.0,Other
proj::fasttoken,project,Fasttoken,ftn,2.17,936528544.0,32951199.0,RWA
proj::arbitrum-bridged-wbtc-arbitrum-one,project,Arbitrum Bridged WBTC (Arbitrum One),wbtc,113866.0,931963727.0,100347355.0,Other
proj::sonic-3,project,Sonic,s,0.244303,928994333.0,102614566.0,Other
proj::saros-finance,project,Saros,saros,0.347305,914468985.0,5013439.0,Other
proj::kaia,project,Kaia,kaia,0.153175,898290406.0,19644599.0,AI
proj::pancakeswap-token,project,PancakeSwap,cake,2.6,896608446.0,87289463.0,Other
proj::the-graph,project,The Graph,grt,0.082958,872376726.0,25521626.0,Other
proj::clbtc,project,clBTC,clbtc,111855.0,863884227.0,1.59,Other
proj::pyth-network,project,Pyth Network,pyth,0.14955,860261156.0,38228071.0,Other
proj::pendle,project,Pendle,pendle,4.78,810750084.0,84551959.0,Other
proj::floki,project,FLOKI,floki,8.313e-05,805813161.0,56342762.0,Other
proj::falcon-finance-ff,project,Falcon Finance,ff,0.351354,802834196.0,625166603.0,Other
proj::cgeth-hashkey-cloud,project,cgETH Hashkey Cloud,cgeth.hashkey,4002.37,800189028.0,37.23,Other
proj::ripple-usd,project,Ripple USD,rlusd,1.0,790001769.0,76623690.0,Other
proj::ether-fi,project,Ether.fi,ethfi,1.51,780644827.0,89144482.0,Other
proj::conflux-token,project,Conflux,cfx,0.143843,739693752.0,36700440.0,Other
proj::l2-standard-bridged-weth-base,project,L2 Standard Bridged WETH (Base),weth,4183.2,729532889.0,695479369.0,Other
proj::dogwifcoin,project,dogwifhat,wif,0.727227,729292388.0,150824915.0,Other
proj::global-dollar,project,Global Dollar,usdg,0.999547,726263482.0,22590207.0,Other
proj::ousg,project,OUSG,ousg,112.72,723649383.0,0.0,Other
proj::raydium,project,Raydium,ray,2.68,720056212.0,43566146.0,Other
proj::tbtc,project,tBTC,tbtc,113429.0,718230825.0,14706264.0,Other
proj::tezos,project,Tezos,xtz,0.66963,711471089.0,19391142.0,Other
proj::theta-token,project,Theta Network,theta,0.696128,697914042.0,19079585.0,Other
proj::virtual-protocol,project,Virtuals Protocol,virtual,1.05,688325553.0,11256395.0,Other
proj::usdx-money-usdx,project,Stables Labs USDX,usdx,0.996792,680443073.0,131024.0,Other
proj::iota,project,IOTA,iota,0.167116,677801420.0,9082059.0,Other
proj::gala,project,GALA,gala,0.0146375,675485089.0,62911493.0,Gaming
proj::ethereum-name-service,project,Ethereum Name Service,ens,20.22,673959628.0,45227132.0,Other
proj::ondo-us-dollar-yield,project,Ondo US Dollar Yield,usdy,1.069,667578913.0,2199102.0,Other
proj::aethir,project,Aethir,ath,0.053686,664952397.0,224753248.0,Other
proj::newton-project,project,AB,ab,0.00830096,661075865.0,28252976.0,Other
proj::zero-gravity,project,0G,0g,3.05,660140425.0,669530274.0,Other
proj::the-sandbox,project,The Sandbox,sand,0.269291,659009680.0,44216245.0,Gaming
proj::beldex,project,Beldex,bdx,0.0884,648559891.0,7083563.0,Other
proj::gteth,project,GTETH,gteth,4185.07,644407528.0,230054.0,Other
proj::vaulta,project,Vaulta,a,0.403641,644183756.0,41322938.0,Other
proj::stader-ethx,project,Stader ETHx,ethx,4477.03,642161437.0,247089.0,Other
proj::arbitrum-bridged-weth-arbitrum-one,project,Arbitrum Bridged WETH (Arbitrum One),weth,4184.37,635668470.0,110686515.0,Other
proj::superstate-short-duration-us-government-securities-fund-ustb,project,Superstate Short Duration U.S. Government Securities Fund (USTB),ustb,10.84,618981102.0,0.0,Other
proj::jito-governance-token,project,Jito,jto,1.6,615906017.0,22383200.0,Other
proj::fartcoin,project,Fartcoin,fartcoin,0.610797,612289580.0,152304307.0,Other
proj::ether-fi-staked-eth,project,ether.fi Staked ETH,eeth,4170.92,606829857.0,20928.0,Other
proj::binance-peg-dogecoin,project,Binance-Peg Dogecoin,doge,0.236373,606219481.0,5165227.0,Meme
proj::bittorrent,project,BitTorrent,btt,6.06226e-07,600851148.0,42081671.0,Other
proj::jasmycoin,project,JasmyCoin,jasmy,0.01233133,597312074.0,20336405.0,Other
proj::eigenlayer,project,EigenCloud (prev. EigenLayer),eigen,1.73,588989643.0,120912779.0,Other
proj::mantle-restaked-eth,project,Mantle Restaked ETH,cmeth,4487.03,579772301.0,4463112.0,Other
proj::morpho,project,Morpho,morpho,1.75,578979517.0,23176034.0,Other
proj::flow,project,Flow,flow,0.356006,573257226.0,10426243.0,Other
proj::walrus-2,project,Walrus,wal,0.393549,569854178.0,23948163.0,Other
proj::decentraland,project,Decentraland,mana,0.294528,566652680.0,25058625.0,Other
proj::sweth,project,Swell Ethereum,sweth,4589.37,556796421.0,308451.0,Other
proj::coinbase-wrapped-staked-eth,project,Coinbase Wrapped Staked ETH,cbeth,4605.04,556083806.0,8983544.0,Other
proj::usual-usd,project,Usual USD,usd0,0.997145,554176295.0,451907.0,Other
proj::trust-wallet-token,project,Trust Wallet,twt,1.28,536038837.0,53711714.0,Other
proj::benqi-liquid-staked-avax,project,BENQI Liquid Staked AVAX,savax,36.98,532610158.0,1297776.0,Other
proj::dexe,project,DeXe,dexe,9.31,532043640.0,9906013.0,Other
proj::bitcoin-avalanche-bridged-btc-b,project,Avalanche Bridged BTC (Avalanche),btc.b,114006.0,527671095.0,112889673.0,Other
proj::arbitrum-bridged-wrapped-eeth,project,Arbitrum Bridged Wrapped eETH (Arbitrum),weeth,4497.24,526181753.0,2006322.0,Other
proj::starknet,project,Starknet,strk,0.124089,506550630.0,23199344.0,Other
proj::mantle-bridged-usdt-mantle,project,Mantle Bridged USDT (Mantle),usdt,1.002,505660447.0,12786758.0,Other
proj::wormhole,project,Wormhole,w,0.10583,497746801.0,77490435.0,Other
proj::true-usd,project,TrueUSD,tusd,0.999709,494241431.0,14707150.0,Other
proj::kinetiq-earn-vault,project,Kinetiq Earn Vault,vkhype,47.15,491460489.0,80834.0,Other
proj::sun-token,project,Sun Token,sun,0.02556757,490130813.0,64628204.0,RWA
proj::loaded-lions,project,Loaded Lions,lion,0.01587476,486036657.0,1193269.0,Other
proj::swissborg,project,SwissBorg,borg,0.495574,484783794.0,1363676.0,Other
proj::superfarm,project,SuperVerse,super,0.76129,478725214.0,304570050.0,Other
proj::dydx-chain,project,dYdX,dydx,0.606763,476120363.0,11359733.0,Other
proj::wrapped-avax,project,Wrapped AVAX,wavax,30.17,475113198.0,408902726.0,Other
proj::bitcoin-cash-sv,project,Bitcoin SV,bsv,23.83,474605546.0,15894206.0,Other
proj::unit-plasma,project,Unit Plasma,uxpl,1.31,472056552.0,281622262.0,Other
proj::usdd,project,USDD,usdd,1.0,470884061.0,3602375.0,Other
proj::bybit-staked-sol,project,Bybit Staked SOL,bbsol,235.23,465607471.0,4525818.0,Other
proj::polygon-pos-bridged-weth-polygon-pos,project,Polygon PoS Bridged WETH (Polygon POS),weth,4182.92,465346253.0,10481923.0,Other
proj::frax-ether,project,Frax Ether,frxeth,4166.9,464021952.0,1474021.0,Other
proj::polygon-pos-bridged-dai-polygon-pos,project,Polygon PoS Bridged DAI (Polygon POS),dai,0.999785,453652233.0,47976243.0,AI
proj::usdai,project,USDai,usdai,1.027,452343961.0,19926625.0,AI
proj::gnosis,project,Gnosis,gno,169.85,448778103.0,22611509.0,Other
proj::steakhouse-usdc-morpho-vault,project,Steakhouse USDC Morpho Vault,steakusdc,1.1,445884234.0,0.0,Other
proj::vision-3,project,Vision,vsn,0.133226,443061373.0,2315963.0,Other
proj::helium,project,Helium,hnt,2.37,442920537.0,12971919.0,Other
proj::anoma,project,Anoma,xan,0.228212,441947913.0,118837624.0,Other
proj::syrup,project,Maple Finance,syrup,0.392641,438844964.0,17647240.0,Other
proj::bridged-usdc-polygon-pos-bridge,project,Bridged USDC (Polygon PoS Bridge),usdc.e,0.999605,436291818.0,13385275.0,Other
proj::ethena-staked-ena,project,Ethena Staked ENA,sena,0.560335,434789273.0,650486.0,Other
proj::linea,project,Linea,linea,0.02774416,432152375.0,219767981.0,Other
proj::apenft,project,APENFT,nft,4.34383e-07,430086231.0,15880790.0,Other
proj::four,project,Four,form,1.11,424775836.0,174930916.0,Other
proj::instadapp,project,Fluid,fluid,5.53,424695872.0,18664605.0,Other
proj::apecoin,project,ApeCoin,ape,0.519539,414155182.0,37007903.0,Other
proj::hashnote-usyc,project,Circle USYC,usyc,1.1,413483317.0,44.04,Other
proj::thorchain,project,THORChain,rune,1.17,413446714.0,62837086.0,AI
proj::neo,project,NEO,neo,5.79,409278431.0,12789497.0,Other
proj::beam-2,project,Beam,beam,0.00793835,407999331.0,21018259.0,Other
proj::compound-governance-token,project,Compound,comp,42.11,406292645.0,18825855.0,Other
proj::usdb,project,USDB,usdb,0.998288,406222645.0,1340211.0,Other
proj::based-brett,project,Brett,brett,0.04064203,404080779.0,83495187.0,Other
proj::chiliz,project,Chiliz,chz,0.03985644,399373301.0,28805766.0,Other
proj::coredaoorg,project,Core,core,0.392384,397589164.0,16526980.0,Other
proj::solmev,project,SolMev,sn116,2398.72,390073544.0,0.0,Other
proj::savings-dai,project,Savings Dai,sdai,1.17,389694923.0,3884768.0,AI
proj::havven,project,Synthetix Network,snx,1.11,382247307.0,173588151.0,Other
proj::elrond-erd-2,project,MultiversX,egld,13.25,379738877.0,16967813.0,Other
proj::reserve-protocol-eth-plus,project,ETHPlus,eth+,4400.98,379007731.0,316873.0,Other
proj::chain-2,project,Onyxcoin,xcn,0.01070269,376330793.0,14956055.0,Other
proj::wrapped-hype,project,Wrapped HYPE,whype,47.3,373697166.0,256587445.0,Other
proj::arweave,project,Arweave,ar,5.67,371859752.0,35173261.0,Other
proj::unit-bitcoin,project,Unit Bitcoin,ubtc,114036.0,371565752.0,12758506.0,Other
proj::telcoin,project,Telcoin,tel,0.00401098,371352216.0,2325370.0,Other
proj::treehouse-eth,project,Treehouse ETH,teth,5100.34,371143271.0,1031709.0,Other
proj::zksync,project,ZKsync,zk,0.050635,367618688.0,12370091.0,Other
proj::drift-staked-sol,project,Drift Staked SOL,dsol,241.77,362915209.0,138755.0,Other
proj::olympus,project,Olympus,ohm,22.15,362767437.0,255544.0,Other
proj::astherus-staked-bnb,project,Aster Staked BNB,asbnb,1073.96,362724883.0,164698.0,Other
proj::berachain-bera,project,Berachain,bera,2.81,357964679.0,137314926.0,AI
proj::axie-infinity,project,Axie Infinity,axs,2.14,356128633.0,30217433.0,Gaming
proj::astherus-usdf,project,Aster USDF,usdf,0.998381,354557437.0,20503400.0,Other
proj::ecash,project,eCash,xec,1.773e-05,354130722.0,7272406.0,Other
proj::eutbl,project,Spiko EU T-Bills Money Market Fund,eutbl,1.22,353619117.0,0.0,Other
proj::gho,project,GHO,gho,0.999066,352491571.0,24254666.0,Other
proj::kava,project,Kava,kava,0.322793,349760883.0,12028861.0,Other
proj::reserve-rights-token,project,Reserve Rights,rsr,0.005686,342497917.0,19026482.0,Other
proj::wrapped-ether-mantle-bridge,project,Mantle Bridged WETH (Mantle),weth,4171.97,339065053.0,2523223.0,Other
proj::1inch,project,1inch,1inch,0.239421,334833136.0,12695684.0,Other
proj::zebec-network,project,Zebec Network,zbcn,0.00389475,334424781.0,17019125.0,Other
proj::merlin-chain,project,Merlin Chain,merl,0.338198,331620012.0,67682783.0,AI
proj::aioz-network,project,AIOZ Network,aioz,0.279236,331346585.0,10094903.0,AI
proj::solv-protocol-solvbtc-bbn,project,Solv Protocol Staked BTC,xsolvbtc,112274.0,328732796.0,21627.0,Other
proj::staked-frax-ether,project,Staked Frax Ether,sfrxeth,4730.76,327579033.0,231877.0,Other
proj::ronin,project,Ronin,ron,0.471635,327518159.0,5574257.0,Other
proj::kaito,project,KAITO,kaito,1.37,327151475.0,300038037.0,AI
proj::wemix-token,project,WEMIX,wemix,0.707986,323172780.0,3444675.0,Other
proj::ai-companions,project,AI Companions,aic,0.31903,320804854.0,8509332.0,AI
proj::just,project,JUST,jst,0.03224292,319324238.0,16125926.0,Other
proj::satoshi-stablecoin,project,Satoshi Stablecoin,satusd,0.997325,319104623.0,70261.0,Other
proj::binance-peg-busd,project,Binance-Peg BUSD,busd,1.018,318242541.0,17150006.0,Other
proj::avantis,project,Avantis,avnt,1.2,313597389.0,811552248.0,Other
proj::toshi,project,Toshi,toshi,0.00073267,308440401.0,25789458.0,Other
proj::axelar,project,Axelar,axl,0.293606,307100722.0,10937109.0,Other
proj::terra-luna,project,Terra Luna Classic,lunc,5.499e-05,303501260.0,10048003.0,Other
proj::drift-protocol,project,Drift Protocol,drift,0.812192,298359513.0,86357520.0,Other
proj::plume,project,Plume,plume,0.098176,297903509.0,25179134.0,Other
proj::movement,project,Movement,move,0.107856,297228909.0,20085169.0,Other
proj::polygon-bridged-wbtc-polygon-pos,project,Polygon Bridged WBTC (Polygon POS),wbtc,113998.0,296471829.0,4401229.0,Other
proj::frax,project,Legacy Frax Dollar,frax,0.997333,295673751.0,3061985.0,Other
proj::venom,project,Venom,venom,0.140098,294972936.0,238657.0,Other
proj::deep,project,DeepBook,deep,0.11765,294542651.0,35548613.0,AI
proj::snek,project,Snek,snek,0.00387109,289875529.0,7109012.0,Other
proj::apex-token-2,project,APEX,apex,2.13,289642911.0,169462770.0,Other
proj::keeta,project,Keeta,kta,0.678592,289623446.0,12176624.0,Other
proj::ribbita-by-virtuals,project,Ribbita by Virtuals,tibbir,0.288049,286022526.0,2746203.0,Other
proj::grass,project,Grass,grass,0.903925,284935627.0,86429946.0,Other
proj::mocaverse,project,Moca Network,moca,0.071444,282641080.0,16941597.0,Other
proj::akash-network,project,Akash Network,akt,1.014,282220531.0,9324456.0,Other
proj::dash,project,Dash,dash,22.61,281647020.0,38453955.0,Other
proj::mog-coin,project,Mog Coin,mog,7.16719e-07,280516534.0,22932026.0,Other
proj::livepeer,project,Livepeer,lpt,6.2,278911787.0,16215570.0,Other
proj::decred,project,Decred,dcr,16.33,278832014.0,6287753.0,Other
proj::btse-token,project,BTSE Token,btse,1.68,272853684.0,1272248.0,RWA
proj::creditcoin-2,project,Creditcoin,ctc,0.547626,269305226.0,8974849.0,Other
proj::convex-finance,project,Convex Finance,cvx,3.26,267424372.0,14873053.0,Other
proj::build-on,project,BUILDon,b,0.266564,266528484.0,13273972.0,Other
proj::eos,project,EOS,eos,0.406708,265678492.0,1531238.0,Other
proj::bio-protocol,project,Bio Protocol,bio,0.137398,265279405.0,45874772.0,Other
proj::compound-wrapped-btc,project,cWBTC,cwbtc,2288.58,263765861.0,0.0,Other
proj::euro-coin,project,EURC,eurc,1.17,262730330.0,33560505.0,Other
proj::tribe-2,project,Tribe,tribe,0.576091,262126843.0,75814.0,Other
proj::amp-token,project,Amp,amp,0.00311329,262007590.0,6749293.0,Other
proj::arkham,project,Arkham,arkm,0.522736,259418026.0,41303800.0,Other
proj::layerzero,project,LayerZero,zro,2.31,257326485.0,55857068.0,Other
proj::usdx-money-staked-usdx,project,Stables Labs Staked USDX,susdx,1.1,256698112.0,44783.0,Other
proj::ultima,project,Ultima,ultima,6451.68,253817826.0,15886008.0,Other
proj::safepal,project,SafePal,sfp,0.504835,252954079.0,10378342.0,Other
proj::rekt-4,project,Rekt,rekt,5.97432e-07,251413635.0,1382867.0,Other
proj::blockchain-capital,project,Blockchain Capital,bcap,27.56,251122999.0,0.0,AI
proj::kusama,project,Kusama,ksm,14.42,246934516.0,26637121.0,Other
proj::mx-token,project,MX,mx,2.63,245351081.0,14065601.0,Other
proj::turbo,project,Turbo,turbo,0.00351746,243214682.0,20969419.0,Other
proj::velo,project,Velo,velo,0.01365678,240010836.0,21575474.0,Other
proj::stbl,project,STBL,stbl,0.472912,238368860.0,151350211.0,Other
proj::cat-in-a-dogs-world,project,cat in a dogs world,mew,0.00265514,236264872.0,30255704.0,Other
proj::binance-peg-sol,project,Binance-Peg SOL,sol,212.73,234268064.0,6515182.0,Other
proj::concordium,project,Concordium,ccd,0.01997266,233833556.0,1797698.0,Other
proj::openeden-open-dollar,project,OpenEden OpenDollar,usdo,0.996848,232918847.0,32155.0,Other
proj::safe,project,Safe,safe,0.363498,230593832.0,6124928.0,Other
proj::qtum,project,Qtum,qtum,2.18,230446735.0,11467381.0,Other
proj::infrared-bera,project,Infrared Bera,ibera,2.86,230430012.0,459611.0,Other
proj::stp-network,project,AWE Network,awe,0.116983,226652913.0,52460986.0,Other
proj::syndicate-3,project,Syndicate,synd,0.469937,226094490.0,13969890.0,Other
proj::origin-ether,project,Origin Ether,oeth,4180.89,224604900.0,401771.0,Other
proj::resolv-usr,project,Resolv USR,usr,0.999467,224143541.0,4421934.0,Other
proj::iotex,project,IoTeX,iotx,0.02370609,223877464.0,5652521.0,Other
proj::ark-3,project,ARK,ark,39.33,223633690.0,6067131.0,Other
proj::golem,project,Golem,glm,0.221342,221973592.0,8943432.0,Other
proj::compounding-open-dollar,project,Compounding OpenDollar,cusdo,1.027,220696318.0,7925268.0,Other
proj::theta-fuel,project,Theta Fuel,tfuel,0.03090521,219151727.0,1590053.0,Other
proj::popcat,project,Popcat,popcat,0.221615,218460574.0,27470170.0,Other
proj::reallink,project,RealLink,real,0.074391,217857148.0,22299535.0,RWA
proj::cheems-token,project,Cheems Token,cheems,1.06e-06,216774828.0,1692126.0,RWA
proj::slash-vision-labs,project,Slash Vision Labs,svl,0.04371577,215950543.0,2273972.0,Other
proj::basic-attention-token,project,Basic Attention,bat,0.143696,214971834.0,11593852.0,Other
proj::dora-2,project,DORA,dora,0.209275,213110644.0,9483265.0,Other
proj::universal-btc,project,Universal BTC,unibtc,113086.0,211888468.0,564136.0,Other
proj::baby-doge-coin,project,Baby Doge Coin,babydoge,1.227e-09,209763722.0,15191964.0,Meme
proj::zora,project,Zora,zora,0.057979,208826108.0,38630967.0,Other
proj::centrifuge-2,project,Centrifuge,cfg,0.361966,207069050.0,15785922.0,Other
proj::zilliqa,project,Zilliqa,zil,0.01055732,206643461.0,12274076.0,Other
proj::peanut-the-squirrel,project,Peanut the Squirrel,pnut,0.204894,204896049.0,25314561.0,Other
proj::agentfun-ai,project,AgentFun.AI,agentfun,2.05,204833962.0,1235.44,AI
proj::super-oeth,project,Super OETH,superoeth,4182.89,204829701.0,2175778.0,Other
proj::fidelity-digital-interest-token,project,Fidelity Digital Interest Token,fdit,1.0,203966813.0,0.0,RWA
proj::0x,project,0x Protocol,zrx,0.239218,203507765.0,13115873.0,Other
proj::qubic-network,project,Qubic,qubic,1.61e-06,203127421.0,4424706.0,Other
proj::nervos-network,project,Nervos Network,ckb,0.00425305,202295317.0,6423050.0,Other
proj::nxm,project,Nexus Mutual,nxm,96.8,201222270.0,0.0,Other
proj::midas-msyrupusdp,project,Midas msyrupUSDp,msyrupusdp,1.001,200231138.0,0.0,Other
proj::lombard-protocol,project,Lombard,bard,0.876415,200097339.0,258338182.0,Other
proj::kamino,project,Kamino,kmno,0.069017,199975112.0,16949842.0,Other
proj::dog-go-to-the-moon-rune,project,Dog (Bitcoin),dog,0.00198546,198780337.0,7368377.0,Other
proj::mina-protocol,project,Mina Protocol,mina,0.157325,197423758.0,8871332.0,Other
proj::mimbogamegroup,project,MimboGameGroup,mgg,0.00170802,195739233.0,1501140.0,Gaming
proj::metal-blockchain,project,Metal Blockchain,metal,0.383542,194728710.0,1463757.0,AI
proj::zano,project,Zano,zano,12.98,194175105.0,1566986.0,Other
proj::stargate-finance,project,Stargate Finance,stg,0.199245,193918241.0,11605484.0,Other
proj::midas-mhyper,project,Midas mHYPER,mhyper,1.035,193322553.0,0.0,Other
proj::usda-2,project,USDa,usda,0.991395,192990021.0,6089.82,Other
proj::gas,project,Gas,gas,2.96,192974000.0,5054332.0,Other
proj::legacy-token,project,Legacy Token,lgct,1.92,192538738.0,5137635.0,RWA
proj::sosovalue,project,SoSoValue,soso,0.700003,192487891.0,10553889.0,Other
proj::oasis-network,project,Oasis,rose,0.02578592,191293501.0,5191135.0,Other
proj::ape-and-pepe,project,Ape and Pepe,apepe,9.09408e-07,190970421.0,32115360.0,Meme
proj::frax-share,project,Frax (prev. FXS),frax,2.11,190693081.0,13280447.0,Other
proj::ether-fi-staked-btc,project,Ether.fi Staked BTC,ebtc,113364.0,189610437.0,26760.0,Other
proj::tradable-na-rent-financing-platform-sstn,project,Tradable NA Rent Financing Platform SSTN,pc0000031,1.0,189500000.0,0.0,Other
proj::blur,project,Blur,blur,0.074436,188697916.0,17416499.0,Other
proj::gmt-token,project,GoMining Token,gomining,0.462905,188323787.0,14074633.0,RWA
proj::vvs-finance,project,VVS Finance,vvs,4.04e-06,188309311.0,759208.0,Other
proj::astar,project,Astar,astr,0.02267394,186163747.0,13816340.0,Other
proj::reservoir-srusd,project,Reservoir srUSD,srusd,1.094,184818605.0,8.75,Other
proj::unit-pump,project,Unit Pump,upump,0.00573717,183279329.0,14213446.0,Other
proj::yearn-finance,project,yearn.finance,yfi,5392.65,182991040.0,26126132.0,Other
proj::prometeus,project,Prom,prom,9.95,181743957.0,7049312.0,Other
proj::yieldfi-ytoken,project,YieldFi yToken,yusd,1.11,181562069.0,10577.35,RWA
proj::mantra-dao,project,MANTRA,om,0.167098,181305662.0,44600698.0,Other
proj::ravencoin,project,Ravencoin,rvn,0.01156203,180879892.0,20564399.0,Other
proj::tokenize-xchange,project,Tokenize Xchange,tkx,2.25,180733600.0,2777.54,RWA
proj::cronos-bridged-usdc-cronos,project,Cronos Bridged USDC (Cronos),usdc,0.999677,179963273.0,1747456.0,Other
proj::kinesis-silver,project,Kinesis Silver,kag,46.83,179136483.0,307161.0,Other
proj::minidoge-5,project,Minidoge,minidoge,2.55493e-07,178756847.0,2109874.0,Meme
proj::ignition-fbtc,project,Function Æ’BTC,fbtc,116554.0,177286789.0,72466.0,Other
proj::kinesis-gold,project,Kinesis Gold,kau,123.28,176601686.0,13186741.0,Other
proj::world-mobile-token,project,World Mobile Token,wmtx,0.228511,176140753.0,8699357.0,RWA
proj::wrapped-aave-ethereum-weth,project,Wrapped Aave Ethereum WETH,waethweth,4410.02,176066608.0,200578.0,Other
proj::restaking-vault-eth,project,Restaking Vault ETH,rsteth,5070.34,175139704.0,513362.0,Other
proj::sahara-ai,project,Sahara AI,sahara,0.075593,173530255.0,13887070.0,AI
proj::zetachain,project,ZetaChain,zeta,0.168045,172001879.0,13777828.0,AI
proj::euler,project,Euler,eul,9.19,171892108.0,5463199.0,Other
proj::useless-3,project,Useless Coin,useless,0.167665,171329126.0,29087616.0,Other
proj::mag7-ssi,project,MAG7.ssi,mag7.ssi,1.006,169740688.0,1070298.0,Other
proj::gmx,project,GMX,gmx,16.37,169692083.0,16869066.0,Other
proj::ordinals,project,ORDI,ordi,8.03,168922103.0,30003028.0,Other
proj::mira-3,project,Mira,mira,0.877357,167833084.0,203308586.0,Other
proj::resolv-wstusr,project,Resolv wstUSR,wstusr,1.11,166296991.0,3582204.0,Other
proj::avalanche-bridged-weth-avalanche,project,Avalanche Bridged WETH (Avalanche),weth,4179.03,166153304.0,58487010.0,Other
proj::origintrail,project,OriginTrail,trac,0.328267,163918891.0,3490797.0,AI
proj::conscious-token,project,Conscious Token,conscious,0.348999,163521819.0,694271.0,RWA
proj::resolv-rlp,project,Resolv RLP,rlp,1.24,163038386.0,1375202.0,Other
proj::cow-protocol,project,CoW Protocol,cow,0.313874,162675481.0,199243196.0,Other
proj::bnb48-club-token,project,KOGE,koge,47.99,162274593.0,45637353.0,Other
proj::usx,project,USX,usx,0.99972,161902613.0,5533.5,Other
proj::crypto-com-staked-eth,project,Crypto.com Staked ETH,cdceth,4438.92,161555369.0,439559.0,Other
proj::proton,project,XPR Network,xpr,0.00570444,159583111.0,2884877.0,Other
proj::tdccp,project,TDCCP,tdccp,0.246757,158422719.0,1054697.0,Other
proj::metaplex,project,Metaplex,mplx,0.267279,157842919.0,8553453.0,Other
proj::notcoin,project,Notcoin,not,0.00156572,156572037.0,19438047.0,Other
proj::troll-2,project,TROLL,troll,0.155437,155831909.0,23873309.0,Other
proj::skale,project,SKALE,skl,0.02602126,155096851.0,54668475.0,Other
proj::holotoken,project,Holo,hot,0.00086339,153430600.0,4814433.0,Other
proj::threshold-network-token,project,Threshold Network,t,0.01511853,153227758.0,4516268.0,Other
proj::vethor-token,project,VeThor,vtho,0.00161723,152914185.0,1576231.0,Other
proj::susdai,project,Staked USDai,susdai,1.059,152248809.0,8895314.0,AI
proj::phantom-staked-sol,project,Phantom Staked SOL,psol,218.87,152154291.0,810754.0,Other
proj::omni-network,project,Omni Network,omni,3.83,151957835.0,19637488.0,Other
proj::wrapped-centrifuge,project,Wrapped Centrifuge,wcfg,0.366839,149917268.0,791379.0,Other
proj::ethereum-pow-iou,project,EthereumPoW,ethw,1.39,149869321.0,9996720.0,Other
proj::moo-deng,project,Moo Deng,moodeng,0.151074,149797922.0,44589993.0,Other
proj::coinex-token,project,CoinEx,cet,0.056692,148812720.0,116409.0,Other
proj::compound-ether,project,cETH,ceth,84.28,147605610.0,233.95,Other
proj::standx-dusd,project,StandX DUSD,dusd,1.0,146882555.0,86584590.0,Other
proj::celo,project,Celo,celo,0.251307,146105213.0,12661252.0,Other
proj::siacoin,project,Siacoin,sc,0.00260239,146042262.0,5601257.0,Other
proj::stasis-eurs,project,STASIS EURO,eurs,1.17,144934931.0,19504.85,Other
proj::polymesh,project,Polymesh,polyx,0.11855,143197098.0,1138961.0,Other
proj::non-playable-coin,project,Non-Playable Coin,npc,0.01772113,142909934.0,9006950.0,Gaming
proj::spiko-us-t-bills-money-market-fund,project,Spiko US T-Bills Money Market Fund,ustbl,1.059,141057000.0,0.0,Other
proj::woo-network,project,WOO,woo,0.073202,139629015.0,23027390.0,Other
proj::infinifi-usd,project,InfiniFi USD,iusd,0.999837,139057329.0,326153.0,Other
proj::numeraire,project,Numeraire,nmr,17.34,138832069.0,43968503.0,AI
proj::aelf,project,aelf,elf,0.173641,137866879.0,5963833.0,Other
proj::sui-bridged-wbtc-sui,project,Sui Bridged WBTC (Sui),wbtc,114059.0,137610543.0,4599492.0,Other
proj::cap-usd,project,Cap USD,cusd,1.001,137541085.0,50190.0,Other
proj::ankr,project,Ankr Network,ankr,0.01374571,137510461.0,10310651.0,Other
proj::agora-dollar,project,AUSD,ausd,0.999848,137327846.0,34457182.0,Other
proj::harmony,project,Harmony,one,0.00923943,136141774.0,7742676.0,Other
proj::bitkub-coin,project,KUB Coin,kub,1.52,135341191.0,359035.0,Other
proj::peaq-2,project,peaq,peaq,0.103417,134769879.0,9303158.0,Other
proj::humanity,project,Humanity,h,0.073824,134414812.0,139220443.0,Other
proj::digibyte,project,DigiByte,dgb,0.00748264,133901158.0,4120117.0,Other
proj::memecoin-2,project,Memecoin,meme,0.00239207,132989506.0,23879930.0,Meme
proj::purr-2,project,Purr,purr,0.223915,132497692.0,36630849.0,Other
proj::rollbit-coin,project,Rollbit Coin,rlb,0.06907,132276797.0,376433.0,Other
proj::lcx,project,LCX,lcx,0.140763,132062242.0,1193928.0,Other
proj::zignaly,project,ZIGChain,zig,0.09325,131511218.0,1532212.0,AI
proj::avant-usd,project,Avant USD,avusd,0.999383,131411895.0,647354.0,Other
proj::succinct,project,Succinct,prove,0.670466,131079743.0,29774460.0,Other
proj::melania-meme,project,Melania Meme,melania,0.170093,130061662.0,4875524.0,Meme
proj::orderly-network,project,Orderly,order,0.424308,129646652.0,358176251.0,Other
proj::verus-coin,project,Verus,vrsc,1.63,129250442.0,20740.0,Other
proj::sushi,project,Sushi,sushi,0.664613,128262885.0,21679965.0,Other
proj::uchain-2,project,UCHAIN,ucn,1284.88,127996605.0,4551380.0,AI
proj::xyo-network,project,XYO Network,xyo,0.00916146,127748446.0,17026265.0,Other
proj::undeads-games,project,Undeads Games,uds,1.24,127326598.0,627838.0,Gaming
proj::redstone-oracles,project,RedStone,red,0.451917,127095054.0,21653558.0,Other
proj::apollo-diversified-credit-securitize-fund,project,Apollo Diversified Credit Securitize Fund,acred,1062.18,126907762.0,0.0,Other
proj::gems-vip,project,Gems VIP,gems,0.207087,126872664.0,6377326.0,Other
proj::renzo-restaked-lst,project,Renzo Restaked LST,pzeth,5039.02,126792781.0,4526.02,Other
proj::zencash,project,Horizen,zen,7.26,126176191.0,36821542.0,Other
proj::chia,project,Chia,xch,8.61,125904134.0,7084919.0,Other
proj::casper-network,project,Casper Network,cspr,0.00934111,125884227.0,2720309.0,Other
proj::marsmi,project,MarsMi,marsmi,0.125791,125791373.0,199328.0,Other
proj::hashkey-ecopoints,project,HashKey Platform Token,hsk,0.388316,125232024.0,843133.0,RWA
proj::altlayer,project,AltLayer,alt,0.02783993,125146484.0,14009612.0,Other
proj::moonwell-flagship-eth-morpho-vault,project,Moonwell Flagship ETH (Morpho Vault),mweth,4154.7,124807279.0,130.06,Other
proj::crvusd,project,crvUSD,crvusd,0.996848,124181497.0,15162124.0,Other
proj::mask-network,project,Mask Network,mask,1.24,124139852.0,17504722.0,Other
proj::icon,project,ICON,icx,0.115084,124106426.0,3193258.0,Other
proj::illuvium,project,Illuvium,ilv,13.07,124041100.0,9373433.0,Other
proj::avant-staked-usd,project,Avant Staked USD,savusd,1.091,123163463.0,293317.0,Other
proj::babylon,project,Babylon,baby,0.04609988,123033031.0,16043014.0,Other
proj::vana,project,Vana,vana,3.99,122845997.0,12637325.0,Other
proj::theo-short-duration-us-treasury-fund,project,Theo Short Duration US Treasury Fund,thbill,1.004,122416792.0,6021810.0,Other
proj::gusd,project,GUSD,gusd,0.997732,122260368.0,17737925.0,Other
proj::quantum-resistant-ledger,project,Quantum Resistant Ledger,qrl,1.54,120945281.0,64339.0,Other
proj::wrapped-xpl,project,Wrapped XPL,wxpl,1.31,120282149.0,111164614.0,Other
proj::stepn,project,GMT,gmt,0.03825212,119089639.0,19309384.0,Other
proj::gigachad-2,project,Gigachad,giga,0.01232259,118594255.0,3847534.0,Other
proj::aleo,project,ALEO,aleo,0.221098,117941414.0,2553539.0,Other
proj::kelp-gain,project,Kelp Gain,ageth,4229.19,117840812.0,4806.51,AI
proj::ozone-chain,project,Ozone Chain,ozo,0.133741,117747655.0,235164.0,AI
proj::orca,project,Orca,orca,1.96,117542959.0,13250142.0,Other
proj::enjincoin,project,Enjin Coin,enj,0.061817,116778545.0,7233846.0,Other
proj::payfi-strategy-token-usdc,project,PayFi Strategy Token USDC,pstusdc,1.048,116695631.0,312096.0,RWA
proj::lorenzo-stbtc,project,Lorenzo stBTC,stbtc,113452.0,116422391.0,3023.25,Other
proj::helder,project,Helder,hldr,0.281557,116039208.0,18579.08,Other
proj::somnia,project,Somnia,somi,0.72053,115905865.0,66238011.0,Other
proj::wrapped-aave-ethereum-usdt,project,Wrapped Aave Ethereum USDT,waethusdt,1.14,115153869.0,2384384.0,Other
proj::yu,project,Yala Stablecoin,yu,0.996372,114951297.0,390697.0,Other
proj::anzen-usdz,project,Anzen USDz,usdz,0.990345,114730183.0,69776.0,Other
proj::solo-coin,project,Sologenic,solo,0.283652,113880172.0,4919190.0,Other
proj::kadena,project,Kadena,kda,0.342911,113851001.0,4154191.0,Other
proj::stargate-bridged-usdc,project,Stargate Bridged USDC,usdc.e,1.001,113617017.0,11559807.0,Other
proj::shuffle-2,project,Shuffle,shfl,0.344485,113552049.0,532007.0,Other
proj::io,project,io.net,io,0.551365,113191436.0,31920025.0,Other
proj::neiro-3,project,Neiro,neiro,0.00026823,113165991.0,34736548.0,Other
proj::elixir-deusd,project,Elixir deUSD,deusd,0.99852,113148948.0,370488.0,Other
proj::midas-mf-one,project,Midas mF-ONE,mf-one,1.035,112644894.0,0.0,Other
proj::fulcrom,project,Fulcrom,ful,0.00679606,112622991.0,25755.0,Other
proj::savings-xdai,project,Savings xDAI,sdai,1.23,112417791.0,5454273.0,AI
proj::book-of-meme,project,BOOK OF MEME,bome,0.00162446,112362117.0,28979025.0,Meme
proj::r0ar-token,project,R0AR Token,1r0r,0.01711094,112232762.0,31565.0,RWA
proj::bitmart-token,project,BitMart,bmx,0.328809,111602693.0,6229511.0,Other
proj::sbtc-2,project,sBTC,sbtc,111488.0,111508507.0,44564.0,Other
proj::f-x-protocol-fxusd,project,f(x) Protocol fxUSD,fxusd,0.999552,110409543.0,11960387.0,Other
proj::loopring,project,Loopring,lrc,0.088555,110409088.0,39211144.0,Other
proj::ontology,project,Ontology,ont,0.119703,110029906.0,5359561.0,Other
proj::uma,project,UMA,uma,1.21,108749440.0,7378015.0,Other
proj::sky-coin,project,Sky Coin,xso,0.00010836,108358323.0,369.95,Other
proj::vicicoin,project,ViciCoin,vcnt,19.02,108251516.0,442852.0,Other
proj::amnis-aptos,project,Amnis Aptos,amapt,4.28,108197768.0,157342.0,Other
proj::dola-usd,project,DOLA,dola,0.998245,108021197.0,16117175.0,Other
proj::degen-base,project,Degen,degen,0.00289767,107288413.0,11879211.0,Other
proj::nano,project,Nano,xno,0.805008,107279710.0,2262071.0,Other
proj::band-protocol,project,Band,band,0.644073,106703266.0,9738757.0,Other
proj::portal-to-bitcoin,project,Portal to Bitcoin,ptb,0.051222,106361920.0,11673430.0,Other
proj::openledger-2,project,OpenLedger,open,0.491238,106225528.0,58058473.0,Other
proj::clearpool,project,Clearpool,cpool,0.128635,106041645.0,3070869.0,Other
proj::rocket-pool,project,Rocket Pool,rpl,4.85,105834372.0,4891361.0,Other
proj::aevo-exchange,project,Aevo,aevo,0.115361,105603645.0,168967557.0,Other
proj::gohome,project,GOHOME,gohome,200.82,105549071.0,3302835.0,Other
proj::magic-eden,project,Magic Eden,me,0.628485,105086693.0,16776761.0,Other
proj::ronin-bridged-weth-ronin,project,Ronin Bridged WETH (Ronin),weth,4185.06,104421075.0,702127.0,Other
proj::coti,project,COTI,coti,0.04369012,104320797.0,8854595.0,Other
proj::swipe,project,Solar,sxp,0.159175,104310437.0,3850295.0,Other
proj::atomone,project,AtomOne,atone,0.898388,104101368.0,1217731.0,Other
proj::entangle,project,Entangle,ntgl,0.00017148,103745321.0,38.64,Other
proj::osaka-protocol,project,Osaka Protocol,osak,1.35572e-07,103444897.0,119130.0,Other
proj::boundless,project,Boundless,zkc,0.511088,103327451.0,1963798616.0,Other
proj::osmosis,project,Osmosis,osmo,0.138043,103315825.0,6656418.0,Other
proj::verasity,project,Verasity,vra,0.00120419,103053734.0,34028941.0,Other
proj::vaultbridge-bridged-eth-katana,project,VaultBridge Bridged ETH (Katana),vbeth,4207.5,102946497.0,18820114.0,Other
proj::onyc,project,Onchain Yield Coin,onyc,1.028,102819320.0,166431.0,AI
proj::okzoo,project,OKZOO,aiot,0.91391,102775703.0,9095842.0,AI
proj::bridged-wrapped-steth-gnosis,project,Bridged Wrapped stETH (Gnosis),wsteth,5080.65,102180604.0,4658463.0,Other
proj::harrypotterobamasonic10in,project,HarryPotterObamaSonic10Inu (ETH),bitcoin,0.101007,101025197.0,24493507.0,Other
proj::tradable-singapore-fintech-ssl-2,project,Tradable Singapore Fintech SSL,pc0000023,1.0,100846154.0,0.0,Other
proj::fx-usd-saving,project,f(x) USD Saving,fxsave,1.051,100802725.0,565182.0,Other
proj::subsquid,project,SQD,sqd,0.121045,100794358.0,32597708.0,Other
proj::api3,project,Api3,api3,0.775599,100771866.0,19215721.0,Other
proj::pay-coin,project,Paycoin,pci,0.098479,100702149.0,851923.0,Other
proj::mashida,project,Mashida,mshd,0.0100499,100514738.0,24206.0,Other
proj::bridged-usd-coin-starkgate,project,StarkGate Bridged USDC (Starknet),usdc,0.99967,100222799.0,3790128.0,Other
proj::qusdt,project,QL1 Bridged USDT (QL1),qusdt,1.0,100032388.0,3621.58,Other
proj::venus,project,Venus,xvs,5.95,99706263.0,11081968.0,Other
proj::funfair,project,FUNToken,fun,0.00939902,99616908.0,7592127.0,RWA
proj::yield-guild-games,project,Yield Guild Games,ygg,0.164358,98546371.0,33494437.0,Gaming
proj::hemi,project,Hemi,hemi,0.100017,98222409.0,80365207.0,Other
proj::bridged-wrapped-ether-starkgate,project,Bridged Ether (StarkGate),eth,4189.07,98021149.0,3828961.0,Other
proj::staked-hype,project,Staked HYPE,sthype,47.3,97903627.0,1191716.0,Other
proj::susda,project,sUSDa,susda,1.009,97367052.0,0.0,Other
proj::swop-2,project,Swop,swop,0.00970797,97089477.0,50.52,Other
proj::stronghold-token,project,Stronghold,shx,0.01804638,97001445.0,1335814.0,Other
proj::debridge,project,deBridge,dbr,0.02740437,96469279.0,9860721.0,Other
proj::terra-luna-2,project,Terra,luna,0.139921,96319462.0,13442885.0,Other
proj::ai16z,project,ai16z,ai16z,0.087495,96284341.0,108355124.0,AI
proj::waves,project,Waves,waves,0.96026,96036859.0,15642460.0,Other
proj::ecomi,project,ECOMI,omi,0.00035406,95957900.0,7915810.0,Other
proj::blast,project,Blast,blast,0.00204849,95846442.0,7655424.0,Other
proj::wiki-cat,project,Wiki Cat,wkc,1.75223e-07,95324187.0,371475.0,Other
proj::wrapped-aave-ethereum-usdc,project,Wrapped Aave Ethereum USDC,waethusdc,1.15,95304021.0,8500760.0,Other
proj::b3,project,B3 (Base),b3,0.00270605,94699232.0,4128625.0,Other
proj::restaked-swell-eth,project,Restaked Swell ETH,rsweth,4353.71,94388394.0,132032.0,Other
proj::caldera,project,Caldera,era,0.538343,94330637.0,16609674.0,Other
proj::wilder-world,project,Wilder World,wild,0.239189,94271605.0,3682297.0,Other
proj::moonwell-artemis,project,Moonwell,well,0.02214565,94265559.0,5615184.0,Other
proj::novem-pro,project,Novem Pro,nvm,0.410593,94141579.0,389829.0,Other
proj::sign-global,project,Sign,sign,0.069741,93900647.0,26518143.0,Other
proj::request-network,project,Request,req,0.125309,93388037.0,3791476.0,Other
proj::hyperbeat-usdt,project,Hyperbeat USDT,hbusdt,1.033,92336507.0,341069.0,Other
proj::aixbt,project,aixbt,aixbt,0.092673,91775781.0,18690256.0,AI
proj::bora,project,BORA,bora,0.080939,91764489.0,721568.0,Other
proj::mbg-by-multibank-group,project,MBG By Multibank Group,mbg,1.095,91362886.0,11408397.0,Other
proj::chex-token,project,Chintai,chex,0.091423,91349307.0,1136066.0,AI
proj::big-time,project,Big Time,bigtime,0.04758173,91184405.0,9828004.0,Other
proj::biconomy,project,Biconomy,bico,0.09218,91036578.0,6951312.0,Other
proj::bridged-usd-coin-linea,project,Linea Bridged USDC (Linea),usdc,0.999261,90898491.0,29221153.0,Other
proj::temple,project,TempleDAO,temple,3.82,90651313.0,3691.85,Other
proj::alchemy-pay,project,Alchemy Pay,ach,0.01826863,90332120.0,19054218.0,Other
proj::pumpbtc,project,pumpBTC,pumpbtc,111462.0,90015601.0,864.56,Other
proj::metis-token,project,Metis,metis,13.59,89508576.0,8106898.0,Other
proj::echelon-prime,project,Echelon Prime,prime,1.65,89490354.0,1648598.0,Other
proj::l2-standard-bridged-weth-optimism,project,L2 Standard Bridged WETH (Optimism),weth,4171.64,89220497.0,31561421.0,Other
proj::hive,project,Hive,hive,0.181917,89210518.0,1800744.0,Other
proj::ika,project,Ika,ika,0.02936625,88519546.0,19310785.0,Other
proj::onfa,project,ONFA,oft,0.78242,88493730.0,5799417.0,Other
proj::spark-2,project,Spark,spk,0.04983597,88112352.0,32281784.0,Other
proj::openvpp,project,OpenVPP,ovpp,0.107792,88104908.0,3656645.0,Other
proj::solayer,project,Solayer,layer,0.418599,88072541.0,15435089.0,Other
proj::cronos-bridged-usdt-cronos,project,Cronos Bridged USDT (Cronos),usdt,1.003,87837571.0,278405.0,Other
proj::soon-2,project,SOON,soon,0.331922,87799067.0,10971352.0,Other
proj::status,project,Status,snt,0.022163,87683306.0,9811363.0,Other
proj::delysium,project,Delysium,agi,0.04375085,87496722.0,1867982.0,Other
proj::tellor,project,Tellor Tributes,trb,31.42,85551082.0,18149688.0,Other
proj::iostoken,project,IOST,iost,0.00301435,85081619.0,7750848.0,Other
proj::home,project,HOME,home,0.03118045,84864016.0,15301861.0,Other
proj::constitutiondao,project,ConstitutionDAO,people,0.0166857,84850224.0,24795703.0,Other
proj::freysa-ai,project,Freysa AI,fai,0.01018008,83371386.0,808061.0,AI
proj::real-4,project,Real,real,0.083349,83320031.0,6153110.0,RWA
proj::orcib,project,ORCIB,palmo,0.03308338,83215516.0,113742.0,Other
proj::swftcoin,project,SWFTCOIN,swftc,0.00827458,82942107.0,1708061.0,Other
proj::dfdv-staked-sol,project,DFDV Staked SOL,dfdvsol,208.77,82667617.0,10.63,Other
proj::verge,project,Verge,xvg,0.00499417,82654558.0,7832991.0,Other
proj::pundi-x-2,project,Pundi X,pundix,0.31829,82258181.0,5454150.0,Other
proj::coreum,project,Coreum,coreum,0.126281,82042621.0,279231.0,Other
proj::holoworld,project,Holoworld,holo,0.235856,81770214.0,368160398.0,Other
proj::goatseus-maximus,project,Goatseus Maximus,goat,0.081408,81544968.0,10425204.0,Other
proj::constellation-labs,project,Constellation,dag,0.02826384,81223670.0,1266920.0,Other
proj::bouncebit,project,BounceBit,bb,0.197745,81204546.0,46066548.0,Other
proj::manta-network,project,Manta Network,manta,0.17918,80922105.0,9360023.0,Other
proj::resupply-usd,project,Resupply USD,reusd,0.989072,80908981.0,1559121.0,Other
proj::project-galaxy,project,GAL (migrated to Gravity - G),gal,0.630247,80514971.0,20312.0,Other
proj::apollox-2,project,APX,apx,1.92,80324586.0,23736180.0,Other
proj::vaultbridge-bridged-wbtc-katana,project,VaultBridge Bridged WBTC (Katana),vbwbtc,113661.0,80272323.0,940017.0,Other
proj::staked-usd1,project,staked USD1+,susd1+,1.002,80218169.0,17.71,Other
proj::steakhouse-eth-morpho-vault,project,Steakhouse ETH Morpho Vault,steaketh,4322.04,80178438.0,0.0,Other
proj::bonfida,project,Bonfida (aka SNS),fida,0.080424,79704148.0,42197605.0,Other
proj::bertram-the-pomeranian,project,Bertram The Pomeranian,bert,0.081084,79687926.0,5657981.0,Other
proj::ark,project,ARK,ark,0.418319,79572660.0,1734078.0,Other
proj::carv,project,CARV,carv,0.2689,79356638.0,14655982.0,Other
proj::sui-bridged-usdt-sui,project,Sui Bridged USDT (Sui),sbusdt,1.0,79171580.0,178585834.0,Other
proj::anime,project,Animecoin,anime,0.01414841,78596399.0,13027596.0,Other
proj::edu-coin,project,Open Campus,edu,0.134786,78578464.0,11655004.0,Other
proj::ardor,project,Ardor,ardr,0.078246,78452222.0,13324053.0,Other
proj::sats-ordinals,project,SATS (Ordinals),sats,3.7233e-08,78278958.0,29647134.0,Other
proj::monbasecoin,project,MonbaseCoin,mbc,0.410953,77958348.0,248414.0,Other
proj::bim-2,project,BIM,bim,2.6,77953881.0,266301.0,Other
proj::skor-ai,project,SKOR AI,skorai,0.143003,77936722.0,17916.56,AI
proj::dovu-2,project,DOVU,dovu,0.00783908,77813590.0,232875.0,Other
proj::usdx,project,USDX,usdx,0.694835,77521377.0,814.79,Other
proj::stratis,project,Stratis,strax,0.03841362,77311005.0,775603.0,Other
proj::wrapped-savings-rusd,project,Wrapped Savings rUSD,wsrusd,1.038,77162032.0,19.91,Other
proj::reservoir-rusd,project,Reservoir rUSD,rusd,0.995996,77056843.0,4196.68,Other
proj::bitdca,project,BitDCA,bdca,1.023,77022784.0,660377.0,Other
proj::pha,project,PHALA,pha,0.094675,76920463.0,7611985.0,Other
proj::chutes,project,Chutes,sn64,27.21,76815516.0,1126909.0,Other
proj::power-ledger,project,Powerledger,powr,0.144627,76603738.0,3059015.0,Other
proj::gama-token,project,Gama Token,gama,0.764393,76459502.0,322704.0,RWA
proj::cross-2,project,Cross,cross,0.227284,76182510.0,4536171.0,Other
proj::cyberconnect,project,CYBER,cyber,1.54,76062516.0,14006478.0,Other
proj::punkstrategy,project,PunkStrategy,pnkstr,0.081041,76009699.0,4559307.0,Other
proj::iexec-rlc,project,iExec RLC,rlc,1.048,75932375.0,14708911.0,Other
proj::ben-pasternak,project,Launch Coin on Believe,launchcoin,0.075813,75793923.0,18302038.0,Other
proj::orbs,project,Orbs,orbs,0.01611101,75679200.0,6479023.0,Other
proj::felix-feusd,project,Felix feUSD,feusd,0.990531,75531560.0,3262327.0,Other
proj::the-grays-currency,project,The Grays Currency,ptgc,0.00026033,75475008.0,141207.0,Other
proj::quantixai,project,QuantixAI,qai,93.73,75431716.0,8847805.0,AI
proj::spell-token,project,Spell,spell,0.00044344,75165304.0,4015665.0,Other
proj::safecoin,project,SAFEbit,safe,0.392053,75035993.0,2815166.0,Other
proj::nillion,project,Nillion,nil,0.28774,74909358.0,7785650.0,Other
proj::straitsx-xusd,project,StraitsX XUSD,xusd,0.999758,74549007.0,10469616.0,AI
proj::solayer-staked-sol,project,Solayer Staked SOL,ssol,235.4,74484656.0,360669.0,Other
proj::zelcash,project,Flux,flux,0.19025,74454954.0,3385018.0,Other
proj::siren-2,project,Siren,siren,0.101719,74358334.0,3520458.0,Other
proj::vaneck-treasury-fund,project,VanEck Treasury Fund,vbill,1.0,74214690.0,0.0,Other
proj::audius,project,Audius,audio,0.054341,73894164.0,9029759.0,Other
proj::bancor,project,Bancor Network,bnt,0.657379,73847103.0,8430390.0,Other
proj::comedian,project,Comedian,ban,0.073779,73773064.0,12417639.0,Other
proj::singularitynet,project,SingularityNET,agix,0.252762,73532008.0,40764.0,Other
proj::everipedia,project,IQ,iq,0.00317116,73359759.0,3378962.0,Other
proj::uxlink,project,UXLINK,uxlink,0.15292,73355536.0,33826782.0,Other
proj::auki-labs,project,Auki,auki,0.02662463,73344042.0,766184.0,Other
proj::usd-coin-ethereum-bridged,project,Arbitrum Bridged USDC (Arbitrum),usdc.e,0.999895,73320613.0,11365789.0,Other
proj::pythia,project,PYTHIA,pythia,0.073563,73283600.0,1867033.0,Other
proj::venice-token,project,Venice Token,vvv,1.98,73216725.0,1848122.0,RWA
proj::g-token,project,Gravity (by Galxe),g,0.01011124,73175880.0,2405238.0,Other
proj::puff-the-dragon,project,Puff The Dragon,puff,0.081751,72680016.0,48049.0,Other
proj::coca,project,COCA,coca,0.636505,72351501.0,237585.0,Other
proj::balancer,project,Balancer,bal,1.12,72125576.0,4618240.0,Other
proj::apertum,project,Apertum,aptm,1.23,71793889.0,6196946.0,Other
proj::mass-vehicle-ledger,project,MVL,mvl,0.00261836,71232824.0,514046.0,Other
proj::marinade,project,Marinade,mnde,0.126912,71016721.0,3188833.0,Other
proj::hivemapper,project,Hivemapper,honey,0.0144419,71016517.0,668105.0,Other
proj::liquity,project,Liquity,lqty,0.719717,70444811.0,13681000.0,Other
proj::chromaway,project,Chromia,chr,0.083048,70354165.0,8265368.0,Other
proj::beets-staked-sonic,project,Beets Staked Sonic,sts,0.252778,70321862.0,3841941.0,Other
proj::revox,project,REVOX,rex,0.03512768,70249599.0,836375.0,Other
proj::og-fan-token,project,OG Fan Token,og,16.31,70202561.0,15493731.0,RWA
proj::mnee-usd-stablecoin,project,MNEE USD Stablecoin,mnee,0.997855,69998312.0,102570.0,Other
proj::bc-token,project,BCGame Coin,bc,0.00698259,69900323.0,15824.42,Gaming
proj::tutorial,project,Tutorial,tut,0.083252,69875674.0,13457243.0,Other
proj::alpine-f1-team-fan-token,project,Alpine F1 Team Fan Token,alpine,6.13,69709564.0,174210701.0,RWA
proj::zentry,project,Zentry,zent,0.0091441,69387428.0,11417789.0,Other
proj::chaingpt,project,ChainGPT,cgpt,0.079896,69211510.0,9841948.0,AI
proj::dia-data,project,DIA,dia,0.576226,68977650.0,6978371.0,Other
proj::across-protocol,project,Across Protocol,acx,0.112435,68872899.0,5618667.0,Other
proj::lista,project,Lista DAO,lista,0.278604,68800292.0,19124118.0,Other
proj::tokenlon,project,Tokenlon,lon,0.557699,68712191.0,115168.0,RWA
proj::aura-on-sol,project,aura,aura,0.070536,68145486.0,3392759.0,Other
proj::tharwa,project,Tharwa,trwa,0.00976061,68052579.0,1816959.0,RWA
proj::songbird,project,Songbird,sgb,0.00424706,67882904.0,262960.0,Other
proj::solv-protocol,project,Solv Protocol,solv,0.04563959,67736893.0,27689399.0,Other
proj::staked-frax,project,Staked FRAX,sfrax,1.11,67557347.0,1.64,Other
proj::daku-v2,project,Daku V2,daku,0.111484,67446680.0,5715.22,Other
proj::camp-network,project,Camp Network,camp,0.03191871,67205144.0,8055294.0,Other
proj::unibase,project,Unibase,ub,0.02675724,66923171.0,45533137.0,Other
proj::lagrange,project,Lagrange,la,0.345698,66838952.0,31169676.0,Other
proj::civic,project,Civic,cvc,0.083368,66789860.0,5947464.0,Other
proj::dymension,project,Dymension,dym,0.177151,66439548.0,5645666.0,Other
proj::cartesi,project,Cartesi,ctsi,0.075008,66168798.0,13855063.0,Other
proj::joe,project,JOE,joe,0.163651,66084256.0,7854204.0,Other
proj::nosana,project,Nosana,nos,0.788698,65981351.0,3112688.0,Other
proj::cetus-protocol,project,Cetus Protocol,cetus,0.07744,65715387.0,11103398.0,Other
proj::marlin,project,Marlin,pond,0.00795073,65233664.0,3345683.0,Other
proj::cookie,project,Cookie DAO,cookie,0.106256,65212898.0,9106203.0,Other
proj::nkyc-token,project,NKYC Token,nkyc,16.27,65085904.0,220200.0,RWA
proj::ong,project,Ontology Gas,ong,0.152455,64976520.0,2575707.0,Other
proj::milk-alliance,project,MiL.k,mlk,0.130179,64919073.0,7088604.0,Other
proj::taiko,project,Taiko,taiko,0.35274,64871691.0,6987272.0,AI
proj::sui-bridged-ether-sui,project,Sui Bridged Ether (Sui),sbeth,4182.91,64706384.0,2091752.0,Other
proj::0xy,project,0xy,0xy,0.064638,64496318.0,332957.0,Other
proj::flock-2,project,FLOCK,flock,0.277925,64488025.0,14541295.0,Other
proj::banana-gun,project,Banana Gun,banana,15.98,64451464.0,8872068.0,Other
proj::dkargo,project,dKargo,dka,0.01281836,64092104.0,2463749.0,Other
proj::eth0,project,Usual ETH,eth0,4183.77,63879259.0,8.37,Other
proj::metamask-usd,project,MetaMask USD,musd,0.999294,63698302.0,22295668.0,Other
proj::space-id,project,SPACE ID,id,0.147564,63568460.0,12990245.0,Other
proj::sonic-svm,project,Sonic SVM,sonic,0.175479,63416441.0,20302011.0,Other
proj::rujira,project,Rujira,ruji,0.850765,63351827.0,222336.0,Other
proj::socean-staked-sol,project,Sanctum Infinity,inf,289.59,63334512.0,4847476.0,Other
proj::huobi-token,project,Huobi,ht,0.396679,63263165.0,23971.0,Other
proj::paxos-standard,project,Pax Dollar,usdp,0.999753,63250187.0,5149707.0,Other
proj::definitive,project,Definitive,edge,0.311703,63183084.0,1836242.0,Other
proj::dogs-2,project,Dogs,dogs,0.00012222,63177875.0,13041204.0,Other
proj::solv-protocol-solvbtc-jupiter,project,Solv Protocol SolvBTC Jupiter,solvbtc.jup,120041.0,62640519.0,265.06,Other
proj::steem,project,Steem,steem,0.118553,62618449.0,16306959.0,Other
proj::wax,project,WAX,waxp,0.01784763,62584680.0,1519548.0,Other
proj::whiteheart,project,Whiteheart,white,7041.37,62583725.0,9.18,Other
proj::liqwid-finance,project,Liqwid Finance,lq,3.08,62535408.0,12565.59,Other
proj::zedxion,project,Zedxion,zedxion,0.509921,62387037.0,610037.0,Other
proj::lisk,project,Lisk,lsk,0.306232,62172619.0,4203010.0,Other
proj::coinshift-usdl-morpho-vault,project,Coinshift USDL Morpho Vault,csusdl,1.039,62042868.0,0.0,Other
proj::electroneum,project,Electroneum,etn,0.00342824,61706427.0,1351672.0,Other
proj::terrausd,project,TerraClassicUSD,ustc,0.01098268,61426342.0,5893045.0,Other
proj::saga-2,project,Saga,saga,0.207581,61336547.0,12982896.0,Other
proj::dent,project,Dent,dent,0.00063865,61165183.0,2788655.0,Other
proj::huma-finance,project,Huma Finance,huma,0.03504866,60775706.0,49022088.0,Other
proj::usda-3,project,USDA,usda,0.999966,60743243.0,7474188.0,Other
proj::token-pocket,project,TokenPocket Token,tpt,0.01749858,60697942.0,151128.0,RWA
proj::binance-peg-avalanche,project,Binance-Peg Avalanche,avax,30.2,60358087.0,321481.0,Other
proj::ket,project,Ket,ket,0.060233,60180993.0,362245.0,Other
proj::seraph,project,Seraph,seraph,0.215356,60085595.0,11110088.0,Other
proj::energy-web-token,project,Energy Web,ewt,0.993994,60072885.0,369020.0,Other
proj::moonbeam,project,Moonbeam,glmr,0.058759,59677335.0,5055503.0,Other
proj::frax-usd,project,Frax USD,frxusd,0.999142,59513357.0,1871511.0,Other
proj::bless-2,project,Bless,bless,0.03215764,59384938.0,68229979.0,Other
proj::btu-protocol,project,BTU Protocol,btu,0.740015,59201214.0,8.39,Other
proj::zeus-netwok-zbtc,project,Zeus Network zBTC,zbtc,113522.0,58994591.0,1980506.0,Other
proj::baby-shark-universe,project,Baby Shark Universe,bsu,0.356222,58920520.0,55967365.0,Other
proj::arcblock,project,Arcblock,abt,0.596566,58810031.0,321883.0,Other
proj::sai,project,Sai,sai,21.97,58796553.0,127.22,AI
proj::tokamak-network,project,Tokamak Network,ton,1.087,58699684.0,4265428.0,Other
proj::ergo,project,Ergo,erg,0.711236,58352385.0,193732.0,Other
proj::researchcoin,project,ResearchCoin,rsc,0.479622,58139543.0,1259829.0,Other
proj::cronos-bridged-wbtc-cronos,project,Cronos Bridged WBTC (Cronos),wbtc,114192.0,57697305.0,287578.0,Other
proj::deso,project,Decentralized Social,deso,5.46,57695388.0,33530.0,Other
proj::sophon,project,Sophon,soph,0.02881897,57684342.0,10469549.0,Other
proj::benqi,project,BENQI,qi,0.00792501,57209191.0,2511583.0,Other
proj::vaultbridge-bridged-usdc-katana,project,VaultBridge Bridged USDC (Katana),vbusdc,1.005,57131572.0,18819271.0,Other
proj::ridges-ai,project,Ridges AI,sn62,20.51,57126303.0,3762335.0,AI
proj::blockv,project,BLOCKv,vee,0.01586495,57126042.0,33492.0,Other
proj::auction,project,Bounce,auction,8.66,57046675.0,16285350.0,Other
proj::epic-chain,project,Epic Chain,epic,1.87,56508159.0,19919738.0,AI
proj::rif-token,project,Rootstock Infrastructure Framework,rif,0.056449,56497841.0,870358.0,Other
proj::matrixdock-gold,project,Matrixdock Gold,xaum,3823.29,56351185.0,471211.0,Other
proj::kyber-network-crystal,project,Kyber Network Crystal,knc,0.330719,56307099.0,6077002.0,Other
proj::smooth-love-potion,project,Smooth Love Potion,slp,0.00155073,55898533.0,4226609.0,Other
proj::bridged-tether-opbnb,project,Bridged Tether (opBNB),usdt,1.007,55861242.0,9616.6,Other
proj::chain-key-bitcoin,project,Chain-key Bitcoin,ckbtc,113604.0,55818412.0,121408.0,AI
proj::vndc,project,VNDC,vndc,3.912e-05,55663911.0,53.65,Other
proj::vine,project,Vine,vine,0.055486,55625239.0,16447228.0,Other
proj::magic-internet-money,project,Magic Internet Money (Ethereum),mim,1.011,55417808.0,469.99,Other
proj::magic,project,Treasure,magic,0.175433,55374882.0,12072237.0,Other
proj::yzy,project,YZY,yzy,0.424812,55252953.0,4094836.0,Other
proj::binance-usd,project,BUSD,busd,0.999589,55003614.0,13799.59,Other
proj::metal,project,Metal DAO,mtl,0.6378,55000066.0,1694170.0,Other
proj::sanctum-2,project,Cloud,cloud,0.110827,54715289.0,2876314.0,Other
proj::moonriver,project,Moonriver,movr,5.43,54635620.0,4176567.0,Other
proj::usual,project,Usual,usual,0.052047,54606065.0,12451305.0,Other
proj::scroll,project,Scroll,scr,0.285098,54284127.0,9116165.0,Other
proj::byusd,project,BYUSD,byusd,0.999749,54182599.0,906413.0,Other
proj::escoin-token,project,Escoin,elg,0.292214,53828440.0,460993.0,Other
proj::cjournal-2,project,CJournal,cjl,0.091171,53780457.0,21927.0,Other
proj::savings-crvusd,project,Savings crvUSD,scrvusd,1.07,53477408.0,4936835.0,Other
proj::gamebuild,project,GameBuild,game,0.00293697,53453012.0,21733873.0,Gaming
proj::dogelon-mars,project,Dogelon Mars,elon,9.7181e-08,53415359.0,1411026.0,Meme
proj::xai-blockchain,project,Xai,xai,0.0413003,52970877.0,10498891.0,AI
proj::railgun,project,Railgun,rail,0.916632,52729219.0,105659.0,AI
proj::initia,project,Initia,init,0.316599,52556182.0,16937190.0,Other
proj::ssv-network,project,SSV Network,ssv,7.39,52553984.0,10495728.0,Other
proj::gains-network,project,Gains Network,gns,1.85,52374907.0,1607135.0,AI
proj::bifrost,project,Bifrost,bfc,0.03756658,52272206.0,1338470.0,Other
proj::wrapped-nxm,project,Wrapped NXM,wnxm,95.49,52195358.0,202447.0,Other
proj::blackhole,project,Blackhole,black,0.332867,52033941.0,9478178.0,Other
proj::wrapped-xrp,project,Wrapped XRP,wxrp,2.88,51833093.0,12893.83,Other
proj::universal-eth,project,Universal ETH,unieth,4627.68,51552441.0,28013.0,Other
proj::unit-00-rei,project,Rei,rei,0.051582,51423161.0,2817606.0,Other
proj::victoria-vr,project,Victoria VR,vr,0.00634008,51401517.0,1926111.0,Other
proj::thena,project,Thena,the,0.442018,51252625.0,78637691.0,Other
proj::solidus-aitech,project,Solidus Ai Tech,aitech,0.03129029,50996328.0,53210905.0,AI
proj::storx,project,StorX,srx,0.084212,50979099.0,2854976.0,Other
proj::nobody-sausage,project,Nobody Sausage,nobody,0.054425,50941429.0,4005657.0,Other
proj::hydradx,project,Hydration,hdx,0.00864163,50902551.0,46903.0,Other
proj::geodnet,project,Geodnet,geod,0.159801,50810368.0,299323.0,Other
proj::pocket-network,project,Pocket Network,pokt,0.02515545,50802126.0,1343534.0,Other
proj::ocean-protocol,project,Ocean Protocol,ocean,0.25365,50749720.0,78190.0,Other
proj::bankercoin-2,project,BankrCoin,bnkr,0.00050597,50650775.0,3104272.0,Other
proj::wrapped-fragsol,project,Wrapped fragSOL,wfragsol,228.54,50579997.0,150411.0,Other
proj::banana-for-scale-2,project,Banana For Scale,bananas31,0.00505501,50558393.0,6231735.0,Other
proj::luck-3,project,Luckify,luck,0.252705,50557881.0,1319988.0,Other
proj::a-hunters-dream,project,A Hunters Dream,caw,7.8912e-08,50300851.0,473289.0,Other
proj::stargate-bridged-weth,project,Stargate Bridged WETH,weth,4185.75,50289143.0,9841542.0,Other
proj::secret,project,Secret,scrt,0.156897,50221193.0,917427.0,Other
proj::ondo-u-s-dollar-token,project,Ondo U.S. Dollar Token,usdon,1.0,50143125.0,1039278.0,RWA
proj::certik,project,Shentu,ctk,0.33342,49796141.0,5198866.0,Other
proj::supra,project,Supra,supra,0.00268019,49752518.0,1304490.0,Other
proj::societe-generale-forge-eurcv,project,EUR CoinVertible,eurcv,1.17,49598792.0,50393113.0,Other
proj::hyperlane,project,Hyperlane,hyper,0.248678,49446980.0,16511309.0,Other
proj::bedrock-btc,project,Bedrock BTC,brbtc,116166.0,49439494.0,0.0,Other
proj::gemini-dollar,project,Gemini Dollar,gusd,0.999439,49393070.0,304731.0,Other
proj::vanar-chain,project,Vanar Chain,vanry,0.02527852,49380018.0,6026448.0,AI
proj::hippo-protocol,project,Hippo Protocol,hp,0.04131754,49317223.0,53365931.0,Other
proj::wink,project,WINkLink,win,4.954e-05,49228529.0,12009489.0,Other
proj::medibloc,project,Medibloc,med,0.00487999,49196040.0,282597.0,Other
proj::unit-fartcoin,project,Unit Fartcoin,ufart,0.61309,49126161.0,136360.0,Other
proj::sceptre-staked-flr,project,Sceptre Staked FLR,sflr,0.04111214,49063023.0,327597.0,Other
proj::polyhedra-network,project,Polyhedra Network,zkj,0.132271,49045351.0,6225214.0,Other
proj::tornado-cash,project,Tornado Cash,torn,12.87,49044296.0,3759163.0,Other
proj::quack-ai,project,Quack AI,q,0.03032038,48995299.0,25074094.0,AI
proj::noble-dollar-usdn,project,Noble Dollar (USDN),usdn,0.99971,48941350.0,611640.0,Other
proj::alethea-artificial-liquid-intelligence-token,project,Artificial Liquid Intelligence,ali,0.00533362,48790536.0,2804667.0,AI
proj::simon-s-cat,project,Simon's Cat,cat,7.22e-06,48781884.0,4751631.0,Other
proj::bridged-tether-linea,project,Bridged Tether (Linea),usdt,0.999727,48724708.0,14198696.0,Other
proj::liquid-hype-yield,project,Liquid HYPE Yield,liquidhype,47.21,48678550.0,46660.0,Other
proj::sygnum-fiusd-liquidity-fund,project,Sygnum FIUSD Liquidity Fund,fiusd,11598.4,48666886.0,0.0,Other
proj::adventure-gold,project,Adventure Gold,agld,0.55535,48318529.0,12560814.0,Other
proj::jelly-my-jelly,project,Jelly-My-Jelly,jellyjelly,0.04824764,48259243.0,3848641.0,Other
proj::neutron-3,project,Neutron,ntrn,0.07978,48244620.0,2150212.0,Other
proj::ponke,project,PONKE,ponke,0.08623,48080246.0,7503376.0,Other
proj::usd,project,Overnight.fi USD+,usd+,0.999639,48076172.0,417223.0,Other
proj::six,project,Six Sigma,six,0.03193334,48005649.0,4981.05,Other
proj::aurora-near,project,Aurora,aurora,0.074633,47929036.0,415869.0,Other
proj::nusd,project,Synthetix sUSD,susd,0.993248,47911022.0,1820840.0,Other
proj::mountain-protocol-usdm,project,Mountain Protocol USD,usdm,0.996652,47839791.0,5.21,AI
proj::seth,project,sETH,seth,4123.74,47770408.0,645.47,Other
proj::coin98,project,Coin98,c98,0.04769251,47692501.0,13108969.0,Other
proj::connect-token-wct,project,WalletConnect Token,wct,0.255326,47559196.0,24991397.0,RWA
proj::elixir-staked-deusd,project,Elixir Staked deUSD,sdeusd,1.061,47482984.0,6485.3,Other
proj::bucket-protocol-buck-stablecoin,project,Bucket Protocol BUCK Stablecoin,buck,0.996808,47379740.0,3042292.0,Other
proj::peapods-finance,project,Peapods Finance,peas,4.76,47265265.0,522104.0,Other
proj::saucerswap,project,SaucerSwap,sauce,0.055252,47221137.0,263766.0,Other
proj::corn-3,project,Corn,corn,0.08968,47146379.0,4013538.0,Other
proj::cobak-token,project,Cobak,cbk,0.482631,47087199.0,8563207.0,Other
proj::qanplatform,project,QANplatform,qanx,0.02764985,47004742.0,143929.0,Other
proj::zircuit,project,Zircuit,zrc,0.02141304,46944776.0,10853512.0,Other
proj::bit2me,project,Bit2Me,b2m,0.01576135,46607291.0,62926.0,Other
proj::wmatic,project,Wrapped POL,wpol,0.228168,46568393.0,11317319.0,Other
proj::mythos,project,Mythos,myth,0.058529,46537657.0,3539870.0,Other
proj::manyu-2,project,Manyu,manyu,4.7124e-08,46312179.0,6758100.0,Other
proj::iagon,project,Iagon,iag,0.123108,46291240.0,221309.0,Other
proj::coinbase-wrapped-xrp,project,Coinbase Wrapped XRP,cbxrp,2.9,46208222.0,1277430.0,Other
proj::doodles,project,Doodles,dood,0.00590321,46198485.0,65095727.0,Other
proj::paal-ai,project,PAAL AI,paal,0.050788,46187229.0,12062985.0,AI
proj::elastos,project,Elastos,ela,2.01,46169612.0,1686451.0,Other
proj::avalanche-old-bridged-wbtc-avalanche,project,Avalanche Bridged WBTC (Avalanche),wbtc.e,114033.0,46112928.0,52245.0,Other
proj::lift-dollar,project,Lift Dollar,usdl,0.997994,46096293.0,51843.0,Other
proj::liquity-bold-2,project,Liquity BOLD,bold,0.996421,45982419.0,2473659.0,Other
proj::alchemist-ai,project,Alchemist AI,alch,0.054065,45958819.0,33055544.0,AI
proj::hashflow,project,Hashflow,hft,0.075424,45876923.0,8642381.0,Other
proj::bonk-staked-sol,project,Bonk Staked SOL,bonksol,240.4,45799926.0,4003.44,Other
proj::infrafred-bgt,project,Infrared BGT,ibgt,2.86,45773958.0,1111963.0,Other
proj::propy,project,Propy,pro,0.789055,45738353.0,12340277.0,Other
proj::znd-token,project,ZND Token,znd,0.311648,45610078.0,8062993.0,RWA
proj::moonwell-flagship-usdc-morpho-vault,project,Moonwell Flagship USDC (Morpho Vault),mwusdc,1.047,45594107.0,3902.86,Other
proj::avail,project,Avail,avail,0.01299226,45520047.0,4384589.0,AI
proj::velodrome-finance,project,Velodrome Finance,velo,0.04338876,45194442.0,4583670.0,Other
proj::goldfinch,project,Goldfinch,gfi,0.484514,45183969.0,254487.0,Other
proj::aergo,project,Aergo,aergo,0.095515,45161597.0,8101866.0,Other
proj::andy-the-wisguy,project,ANDY ETH,andy,4.51e-05,45108474.0,517080.0,Other
proj::kernel-2,project,KernelDAO,kernel,0.190061,45061928.0,14614446.0,Other
proj::tagger,project,TAGGER,tag,0.0004132,45046371.0,3024953.0,Other
proj::radix,project,Radix,xrd,0.00378188,45011096.0,199778.0,Other
proj::sapien-2,project,Sapien,sapien,0.17939,44806802.0,6615924.0,Other
proj::medxt,project,MEDXT,medxt,0.00213489,44752162.0,688.18,Other
proj::oasys,project,Oasys,oas,0.00900794,44527047.0,1787490.0,Other
proj::bluefin,project,Bluefin,blue,0.133785,44395526.0,35780027.0,Other
proj::dodo,project,DODO,dodo,0.0442862,44349000.0,4514314.0,Other
proj::celium,project,Celium,sn51,18.75,44314149.0,406151.0,Other
proj::newton-protocol,project,Newton Protocol,newt,0.205655,44270032.0,14855189.0,Other
proj::veraone,project,VeraOne,vro,124.39,44242463.0,41208.0,Other
proj::hunt-token,project,Hunt,hunt,0.22242,44225086.0,3078996.0,Other
proj::deapcoin,project,DEAPCOIN,dep,0.00160199,44096842.0,2747686.0,Other
proj::quark-chain,project,QuarkChain,qkc,0.00612652,43744530.0,1233685.0,AI
proj::looped-hype,project,Looped Hype,lhype,47.5,43717959.0,948342.0,Other
proj::yield-optimizer-eth,project,Yield Optimizer ETH,yoeth,4447.18,43573332.0,34908.0,Other
proj::river,project,River,river,2.21,43363406.0,20766801.0,Other
proj::mango-network,project,Mango Network,mgo,0.02717522,43227741.0,3804857.0,Other
proj::hegic,project,Hegic,hegic,0.04006122,43173368.0,17425.81,Other
proj::staked-frax-usd,project,Staked Frax USD,sfrxusd,1.16,43078151.0,78475.0,Other
proj::trufin-staked-apt,project,TruFin Staked APT,truapt,4.35,43004076.0,341.82,Other
proj::optio,project,Optio,opt,0.00750278,42808613.0,29267.0,Other
proj::hairdao,project,HairDAO,hair,61.3,42598291.0,2591.93,AI
proj::unipoly,project,Unipoly,unp,0.152246,42511556.0,367394.0,Other
proj::treehouse,project,Treehouse,tree,0.270961,42363731.0,35727529.0,Other
proj::boba-network,project,Boba Network,boba,0.085729,42303233.0,8553879.0,Other
proj::usd-coin-avalanche-bridged-usdc-e,project,Avalanche Bridged USDC (Avalanche),usdc.e,0.999698,42272705.0,1931849.0,Other
proj::xtcom-token,project,XT.com,xt,6.94,41975681.0,20377519.0,Other
proj::avalon-2,project,Avalon,avl,0.164549,41949013.0,27158688.0,Other
proj::trufin-staked-matic,project,TruFin Staked MATIC,trumatic,0.250029,41925479.0,349.65,Other
proj::metronome-synth-eth,project,Metronome Synth ETH,mseth,4176.14,41920151.0,3158165.0,Other
proj::superrare,project,SuperRare,rare,0.050921,41820113.0,27031067.0,Other
proj::derive,project,Derive,drv,0.04884369,41724400.0,266200.0,Other
proj::corgiai,project,CorgiAI,corgiai,0.00012153,41649554.0,78760.0,AI
proj::austin-capitals,project,Austin Capitals,aux,4.25,41615247.0,77903.0,Other
proj::gods-unchained,project,Gods Unchained,gods,0.105246,41470035.0,1672784.0,AI
proj::advertise-coin,project,Advertise Coin,adco,0.92072,41432389.0,13822.03,Other
proj::bsquared-network,project,BSquared Network,b2,0.9906,41292538.0,49800642.0,Other
proj::islamic-coin,project,Islamic Coin,islm,0.01932639,41198453.0,109701.0,Other
proj::vitadao,project,VitaDAO,vita,1.58,41187138.0,210067.0,Other
proj::pirate-chain,project,Pirate Chain,arrr,0.209501,41102246.0,186320.0,AI
proj::apu-s-club,project,Apu Apustaja,apu,0.00012765,41013882.0,1633027.0,Other
proj::pepeontron,project,PePeonTron,pepeontron,0.0409989,40998897.0,267883.0,Meme
proj::binance-peg-dai,project,Binance-Peg DAI,dai,0.998877,40970394.0,1105239.0,AI
proj::burnedfi,project,BurnedFi,burn,3.28,40788367.0,207764.0,Other
proj::maverick-protocol,project,Maverick Protocol,mav,0.059359,40728984.0,12685695.0,Other
proj::impossible-cloud-network-token,project,Impossible Cloud Network Token,icnt,0.245373,40706898.0,11638289.0,RWA
proj::bas,project,BNB Attestation Service,bas,0.0162168,40620765.0,15393392.0,Other
proj::diamond-launch,project,Diverge Loop,dlc,0.04551897,40511886.0,100283.0,Other
proj::towns,project,Towns,towns,0.0191721,40506830.0,12459214.0,Other
proj::hamster-kombat,project,Hamster Kombat,hmstr,0.00062894,40495473.0,6501962.0,Other
proj::keep-network,project,Keep Network,keep,0.073613,40463612.0,3669.12,Other
proj::celer-network,project,Celer Network,celr,0.0071642,40458982.0,3525718.0,Other
proj::ice,project,Ice Open Network,ice,0.00590282,40245169.0,15009928.0,Other
proj::chainflip,project,Chainflip,flip,0.597843,40202010.0,1028874.0,AI
proj::ankreth,project,Ankr Staked ETH,ankreth,4964.9,40111041.0,768.97,Other
proj::mezo-wrapped-btc,project,Mezo Wrapped BTC,btc,112875.0,39917246.0,9178.49,Other
proj::qkacoin,project,Qkacoin,qka,1.26,39900841.0,12462.04,Other
proj::staked-stream-usd,project,Staked Stream USD,xusd,1.21,39828167.0,149909.0,Other
proj::slerf,project,Slerf,slerf,0.079099,39567820.0,3456039.0,Other
proj::dolomite,project,Dolomite,dolo,0.100149,39560522.0,22231120.0,Other
proj::autonolas,project,Autonolas,olas,0.219135,39458283.0,314225.0,Other
proj::fartboy,project,Fartboy,$fartboy,0.03907055,39351871.0,220373.0,Other
proj::worthless,project,Worthless,worthless,0.03886702,39241121.0,1276895.0,Other
proj::nym,project,Nym,nym,0.04802257,39240317.0,2754957.0,Other
proj::oraichain-token,project,Oraichain,orai,2.04,39176814.0,671433.0,AI
proj::chainopera-ai,project,ChainOpera AI,coai,0.19925,39113099.0,11401982.0,AI
proj::polyswarm,project,PolySwarm,nct,0.02070014,39027788.0,323814.0,Other
proj::smardex,project,SMARDEX,sdex,0.004195,38943605.0,363832.0,Other
proj::targon,project,Targon,sn4,14.74,38940838.0,235207.0,Other
proj::devve,project,DevvE,devve,0.444755,38877275.0,151605.0,Other
proj::akedo,project,Akedo,ake,0.00169931,38758637.0,26756543.0,Other
proj::solv-protocol-solvbtc-core,project,Solv Protocol SolvBTC.CORE,solvbtc.core,110629.0,38745127.0,366.49,Other
proj::stake-link,project,stake.link,sdl,0.680234,38697918.0,11143.21,Other
proj::usualx,project,USUALx,usualx,0.078572,38429998.0,10463.48,Other
proj::egl1,project,EGL1,egl1,0.03983922,38239514.0,40098689.0,Other
proj::chill-guy,project,Just a chill guy,chillguy,0.03809522,38173393.0,8573801.0,Other
proj::bitlight,project,Bitlight,light,0.887039,38078854.0,73930006.0,Other
proj::origin-protocol,project,Origin Token,ogn,0.058235,38063979.0,7002249.0,RWA
proj::unstable-coin,project,Unstable Coin,usduc,0.037696,37829413.0,2967133.0,Other
proj::ekubo-protocol,project,Ekubo Protocol,ekubo,3.78,37778714.0,227785.0,Other
proj::minswap,project,Minswap,min,0.02089838,37687834.0,174925.0,Other
proj::bitcoin-on-katana,project,Bitcoin on Katana,btck,113298.0,37666114.0,161274.0,Other
proj::liquity-usd,project,Liquity USD,lusd,0.998108,37550302.0,39967.0,Other
proj::helio-protocol-hay,project,Lista USD,lisusd,0.99843,37544234.0,1063424.0,Other
proj::unity-2,project,Unity,uty,0.999573,37473288.0,65523.0,Other
proj::qace-dynamics,project,Qace Dynamics,qace,0.03752296,37469098.0,142972.0,Other
proj::snowbank,project,Snowbank,sb,235.53,37463964.0,144.9,Other
proj::aia,project,DeAgentAI,aia,0.376641,37329338.0,18753330.0,AI
proj::marblex,project,MARBLEX,mbx,0.144511,37270914.0,3291002.0,Other
proj::truefi,project,TrueFi,tru,0.028033,37262277.0,8157056.0,Other
proj::bitcoinzk-zyra,project,BitcoinZK,zyra,0.148497,37193829.0,413372.0,Other
proj::sparkdex,project,SparkDEX,sprk,0.03934964,37135773.0,40060.0,Other
proj::bridged-usd-coin-optimism,project,Standard Bridged USDC.e (Optimism),usdc.e,0.997518,37079940.0,1882069.0,Other
proj::hypurr-fun,project,Hypurr Fun,hfun,37.2,37012547.0,277233.0,Other
proj::humans-ai,project,Humans.ai,heart,0.00471395,36758575.0,327095.0,AI
proj::hex-trust-usdx,project,Hex Trust USD,usdx,0.999736,36731795.0,4947.38,Other
proj::moviebloc,project,MovieBloc,mbl,0.00195316,36707719.0,6086669.0,Other
proj::pup-token,project,PUP Token,pup,0.056817,36677271.0,725559.0,RWA
proj::metya,project,MetYa,met,0.231473,36606639.0,5816556.0,Other
proj::look,project,LOOK,look,0.03969512,36594453.0,1520787.0,Other
proj::relend-usdc,project,Relend USDC,reusdc,1.085,36537088.0,0.0,Other
proj::uquid-coin,project,Uquid Coin,uqc,3.65,36471599.0,11080.86,Other
proj::pol-staked-wbera,project,POL Staked WBERA,swbera,3.31,36459237.0,88496.0,Other
proj::oort,project,OORT,oort,0.060074,36411974.0,1632518.0,Other
proj::global-commercial-business,project,Global Commercial Business,gcb,0.03026295,36371368.0,73018.0,Other
proj::stader-maticx,project,Stader MaticX,maticx,0.266846,36367510.0,10169.65,Other
proj::fractal-bitcoin,project,Fractal Bitcoin,fb,0.425035,36352699.0,5185194.0,Other
proj::compound-usd-coin,project,cUSDC,cusdc,0.02520758,36148082.0,38.32,Other
proj::hive_dollar,project,Hive Dollar,hbd,1.027,35937020.0,61.31,Other
proj::access-protocol,project,Access Protocol,acs,0.00082442,35900883.0,480093.0,Other
proj::pinksale,project,PinkSale,pinksale,357.36,35735667.0,1.27,Other
proj::mantle-bridged-usdc-mantle,project,Mantle Bridged USDC (Mantle),usdc,0.998632,35676405.0,2814785.0,Other
proj::l2-standard-bridged-weth-blast,project,L2 Standard Bridged WETH (Blast),weth,4181.43,35489439.0,1130555.0,Other
proj::kled-ai,project,Kled AI,kled,0.03550432,35484665.0,1714048.0,AI
proj::celo-dollar,project,Celo Dollar,cusd,0.999738,35480008.0,2008259.0,Other
proj::coq-inu,project,Coq Inu,coq,5.06432e-07,35439097.0,5061876.0,Other
proj::pinlink,project,PinLink,pin,0.443919,35391991.0,513186.0,Other
proj::bugscoin,project,BugsCoin,bgsc,0.00501173,35363417.0,2006732.0,Other
proj::stader,project,Stader,sd,0.542858,35278499.0,4564320.0,Other
proj::web-3-dollar,project,Web 3 Dollar,usd3,1.064,35244809.0,85874.0,Other
proj::my-lovely-coin,project,My Lovely Coin,mlc,0.441497,35177162.0,2228859.0,Other
proj::ai-analysis-token,project,AI Analysis Token,aiat,0.319417,35175883.0,36584.0,AI
proj::olaxbt,project,OlaXBT,aio,0.152137,35114484.0,2085376.0,AI
proj::bone-shibaswap,project,Bone ShibaSwap,bone,0.140346,35105207.0,4417271.0,Meme
proj::aegis-yusd,project,Aegis YUSD,yusd,1.002,35045632.0,77524.0,Other
proj::tokenfi,project,TokenFi,token,0.0121927,35040336.0,2996081.0,RWA
proj::laine-stake,project,Laine Staked SOL,lainesol,268.74,35031813.0,1307.92,AI
proj::concierge-io,project,AVA (Travala),ava,0.500134,34992554.0,8085684.0,Other
proj::acet-token,project,Acet,act,0.02034174,34964395.0,39758.0,Other
